-- phpMyAdmin SQL Dump
-- version 4.8.3
-- https://www.phpmyadmin.net/
--
-- Host: 127.0.0.1
-- Generation Time: Apr 13, 2019 at 06:56 AM
-- Server version: 10.1.37-MariaDB
-- PHP Version: 7.2.12

SET SQL_MODE = "NO_AUTO_VALUE_ON_ZERO";
SET AUTOCOMMIT = 0;
START TRANSACTION;
SET time_zone = "+00:00";


/*!40101 SET @OLD_CHARACTER_SET_CLIENT=@@CHARACTER_SET_CLIENT */;
/*!40101 SET @OLD_CHARACTER_SET_RESULTS=@@CHARACTER_SET_RESULTS */;
/*!40101 SET @OLD_COLLATION_CONNECTION=@@COLLATION_CONNECTION */;
/*!40101 SET NAMES utf8mb4 */;

--
-- Database: `eapi`
--

-- --------------------------------------------------------

--
-- Table structure for table `migrations`
--

CREATE TABLE `migrations` (
  `id` int(10) UNSIGNED NOT NULL,
  `migration` varchar(191) COLLATE utf8mb4_unicode_ci NOT NULL,
  `batch` int(11) NOT NULL
) ENGINE=InnoDB DEFAULT CHARSET=utf8mb4 COLLATE=utf8mb4_unicode_ci;

--
-- Dumping data for table `migrations`
--

INSERT INTO `migrations` (`id`, `migration`, `batch`) VALUES
(1, '2014_10_12_000000_create_users_table', 1),
(2, '2014_10_12_100000_create_password_resets_table', 1),
(3, '2019_04_11_031907_create_products_table', 1),
(4, '2019_04_11_032058_create_reviews_table', 1);

-- --------------------------------------------------------

--
-- Table structure for table `password_resets`
--

CREATE TABLE `password_resets` (
  `email` varchar(191) COLLATE utf8mb4_unicode_ci NOT NULL,
  `token` varchar(191) COLLATE utf8mb4_unicode_ci NOT NULL,
  `created_at` timestamp NULL DEFAULT NULL
) ENGINE=InnoDB DEFAULT CHARSET=utf8mb4 COLLATE=utf8mb4_unicode_ci;

-- --------------------------------------------------------

--
-- Table structure for table `products`
--

CREATE TABLE `products` (
  `id` int(10) UNSIGNED NOT NULL,
  `name` varchar(191) COLLATE utf8mb4_unicode_ci NOT NULL,
  `detail` text COLLATE utf8mb4_unicode_ci NOT NULL,
  `price` int(11) NOT NULL,
  `stock` int(11) NOT NULL,
  `discount` int(11) NOT NULL,
  `created_at` timestamp NULL DEFAULT NULL,
  `updated_at` timestamp NULL DEFAULT NULL
) ENGINE=InnoDB DEFAULT CHARSET=utf8mb4 COLLATE=utf8mb4_unicode_ci;

--
-- Dumping data for table `products`
--

INSERT INTO `products` (`id`, `name`, `detail`, `price`, `stock`, `discount`, `created_at`, `updated_at`) VALUES
(1, 'expedita', 'Deserunt odit autem neque dicta. Dolor dolorem aut sit atque ipsa quos. Dolorum quas iusto voluptatum.', 3927, 70, 17, '2019-04-12 23:07:02', '2019-04-12 23:07:02'),
(2, 'placeat', 'Labore doloribus dolores commodi quia exercitationem voluptas hic. Ducimus illum quam sint quis perferendis et quo. Ut et omnis voluptatem et sint quis. Quidem aut ipsa eos facere reprehenderit dolores eveniet.', 5167, 52, 29, '2019-04-12 23:07:02', '2019-04-12 23:07:02'),
(3, 'non', 'Beatae voluptatem eveniet ex perspiciatis vitae nesciunt tenetur. Earum qui voluptatum nulla ipsum fugit maiores. Voluptatem facere aut nobis voluptates.', 2982, 42, 16, '2019-04-12 23:07:02', '2019-04-12 23:07:02'),
(4, 'autem', 'In nihil ex assumenda maiores aut praesentium. Omnis eos at suscipit voluptas et eum consequatur. A molestiae illum ea maxime et architecto. Consectetur assumenda sunt est in rem. Aperiam nesciunt vel soluta et dolorum.', 1099, 57, 13, '2019-04-12 23:07:02', '2019-04-12 23:07:02'),
(5, 'adipisci', 'Fuga incidunt earum non sapiente dolores necessitatibus. Qui dolor fugit soluta ducimus hic qui reiciendis. Et facere nesciunt dicta voluptate reiciendis. Occaecati aut debitis dolore.', 4526, 73, 23, '2019-04-12 23:07:02', '2019-04-12 23:07:02'),
(6, 'molestiae', 'Non sit nihil architecto vero aspernatur et. Sit aut quaerat et necessitatibus. Velit quis neque placeat ea recusandae.', 3989, 42, 19, '2019-04-12 23:07:02', '2019-04-12 23:07:02'),
(7, 'dicta', 'A veritatis explicabo nemo ut nihil voluptatem minima. Dolor ipsa voluptatum iusto velit. Cumque aut dolorem amet eos dolor. Molestiae cupiditate numquam quod quia similique sed.', 1903, 52, 16, '2019-04-12 23:07:02', '2019-04-12 23:07:02'),
(8, 'repellendus', 'Aut nemo corrupti laboriosam eius necessitatibus. Deleniti magnam occaecati magni ratione sint inventore ut. Odio qui quaerat et similique voluptatem tempore.', 4025, 72, 24, '2019-04-12 23:07:02', '2019-04-12 23:07:02'),
(9, 'quae', 'Facilis a eum esse et nemo. Enim aperiam impedit perferendis occaecati. Voluptas libero non eaque excepturi rem. Beatae enim ex perspiciatis repellendus.', 6155, 58, 29, '2019-04-12 23:07:02', '2019-04-12 23:07:02'),
(10, 'qui', 'Commodi voluptas explicabo deserunt omnis. Est sit voluptatem fuga omnis iure. Consequatur nobis culpa molestiae molestiae illo.', 2617, 87, 12, '2019-04-12 23:07:02', '2019-04-12 23:07:02'),
(11, 'voluptatem', 'Ut debitis aut quasi. Quas sit non voluptate saepe dolorem et. Dolorem harum ullam qui aut. Praesentium animi voluptatem natus.', 1148, 55, 30, '2019-04-12 23:07:02', '2019-04-12 23:07:02'),
(12, 'beatae', 'Blanditiis totam minima deserunt voluptatum. Ut ut alias repellendus consequatur. Vel et ipsum dolores sint amet tempora. Explicabo illum doloribus fugiat illum asperiores.', 3271, 65, 19, '2019-04-12 23:07:02', '2019-04-12 23:07:02'),
(13, 'in', 'Veniam accusamus laudantium iusto culpa aperiam eveniet quaerat. Quo animi voluptate sunt modi pariatur id adipisci sunt. Et est quia ea omnis tempore quia et. Dolores aliquam soluta et a.', 6090, 68, 17, '2019-04-12 23:07:02', '2019-04-12 23:07:02'),
(14, 'ab', 'Ut excepturi optio mollitia consectetur iusto sunt in dolorem. Est dolores non ipsum ut nihil adipisci officia sequi. Eveniet culpa odit quisquam illo esse officiis.', 6522, 47, 19, '2019-04-12 23:07:02', '2019-04-12 23:07:02'),
(15, 'aperiam', 'Sit totam voluptate fugiat error dolorem beatae. Ut animi sit repellendus quod blanditiis. Cum necessitatibus quaerat aliquid dolorem. Alias similique officiis esse autem eum eaque repudiandae corporis. Voluptatem eum atque ea rerum quam repudiandae debitis dolore.', 5861, 33, 14, '2019-04-12 23:07:02', '2019-04-12 23:07:02'),
(16, 'expedita', 'Officia sunt sed rerum velit. Velit neque ducimus voluptate. Aliquam expedita qui sit. In enim consequuntur voluptatum consequuntur ad expedita. Iusto vitae libero laboriosam quisquam voluptatem.', 5411, 87, 27, '2019-04-12 23:07:02', '2019-04-12 23:07:02'),
(17, 'dolor', 'Facilis sunt tempora rem commodi. Commodi assumenda enim minus. Accusantium eligendi neque velit repellendus doloremque enim. Nesciunt nihil fuga est non et.', 5286, 50, 13, '2019-04-12 23:07:02', '2019-04-12 23:07:02'),
(18, 'veritatis', 'Sint temporibus voluptas deserunt quasi vel. Quis voluptatem eos quos voluptates quibusdam officiis. Deleniti a consequuntur praesentium et minima consequuntur ut.', 6363, 10, 25, '2019-04-12 23:07:02', '2019-04-12 23:07:02'),
(19, 'sed', 'Nisi magnam ab nam. Quidem quo reiciendis magnam ea labore asperiores aspernatur. Et quibusdam voluptate sit est magnam id.', 1130, 19, 27, '2019-04-12 23:07:02', '2019-04-12 23:07:02'),
(20, 'in', 'Fugiat eius perspiciatis aliquam incidunt soluta dolore. Sed dolor dolorem et necessitatibus. Reiciendis nisi ea officia sapiente officia. Dignissimos beatae inventore delectus.', 3681, 54, 18, '2019-04-12 23:07:02', '2019-04-12 23:07:02'),
(21, 'placeat', 'Quidem eos quae voluptates nemo ut quod voluptas. Architecto omnis ad voluptatem est deleniti quo libero corrupti. Ad et quasi eos non. Odio est exercitationem et repellat.', 4221, 44, 18, '2019-04-12 23:07:02', '2019-04-12 23:07:02'),
(22, 'accusamus', 'Placeat ex mollitia perspiciatis vitae dignissimos nesciunt excepturi. Eum sed harum vero qui consequatur eaque. Autem eum ut ducimus vitae. Praesentium et iste et dolor illo accusantium.', 2753, 77, 30, '2019-04-12 23:07:02', '2019-04-12 23:07:02'),
(23, 'suscipit', 'Nemo ipsam reprehenderit recusandae dolores explicabo autem consequatur. Dolores recusandae illum sunt eligendi. Voluptate architecto asperiores voluptatem reiciendis porro. Temporibus est officiis sit error.', 2928, 39, 20, '2019-04-12 23:07:02', '2019-04-12 23:07:02'),
(24, 'temporibus', 'Est eius accusantium natus consequatur hic. Possimus velit odit soluta id nihil. Ex reiciendis sed quas dolore explicabo aut et.', 5199, 60, 25, '2019-04-12 23:07:02', '2019-04-12 23:07:02'),
(25, 'magni', 'Aut fugit cupiditate cum itaque a aspernatur. Ad doloremque occaecati ipsam aut sunt. Ut harum nulla libero. Enim natus aut et reiciendis consequuntur aut et.', 3729, 76, 19, '2019-04-12 23:07:02', '2019-04-12 23:07:02'),
(26, 'aut', 'Consequatur dignissimos voluptatem qui iure est. Dicta nemo aut ab atque. Illum velit ab provident quidem rerum.', 4470, 31, 10, '2019-04-12 23:07:02', '2019-04-12 23:07:02'),
(27, 'iure', 'Ut eos vero dicta facilis dignissimos. Enim natus architecto optio facere rem et. Voluptas inventore dolor molestiae cumque culpa sed. In voluptas mollitia ullam et vitae.', 5726, 89, 28, '2019-04-12 23:07:02', '2019-04-12 23:07:02'),
(28, 'qui', 'Tempora corrupti repellendus aliquid ut dicta doloribus tenetur dolorem. Eius ratione fuga aspernatur laboriosam ex. Explicabo voluptas nobis est similique at.', 6075, 87, 14, '2019-04-12 23:07:02', '2019-04-12 23:07:02'),
(29, 'quisquam', 'Cum quis ad similique est ex ut magnam. Et rerum alias quia quia ducimus aspernatur et. Quis consectetur sed voluptatem delectus delectus. Minima blanditiis eligendi ipsa quia accusantium quos hic.', 5765, 55, 23, '2019-04-12 23:07:02', '2019-04-12 23:07:02'),
(30, 'quis', 'Esse temporibus et fugiat rerum temporibus quo. Quia vel incidunt dicta aut. Vitae cumque quasi qui rem officia officiis aut aut. Praesentium nesciunt mollitia voluptas eos voluptas expedita soluta. Consequuntur est placeat sint quasi magni ipsum est.', 2586, 65, 25, '2019-04-12 23:07:02', '2019-04-12 23:07:02'),
(31, 'similique', 'Fugiat est iusto iste illum. Ea qui ea cumque at repudiandae est. Vitae tenetur nobis in quas iure iste facilis. Dolorem consequatur eos corporis unde ut libero.', 1200, 44, 21, '2019-04-12 23:07:02', '2019-04-12 23:07:02'),
(32, 'mollitia', 'Eveniet labore ut voluptatem. Ratione voluptas fugit nulla voluptates ut aliquid. Aperiam iusto dolores ea et aspernatur officia voluptate. Est facere nostrum officiis eos.', 2928, 43, 22, '2019-04-12 23:07:02', '2019-04-12 23:07:02'),
(33, 'ea', 'Molestiae vero doloribus minima qui assumenda. Dolore nisi vitae dolores consequatur rerum.', 4498, 27, 23, '2019-04-12 23:07:02', '2019-04-12 23:07:02'),
(34, 'aut', 'Ipsam a debitis beatae quia accusantium error non. Possimus doloremque nostrum rerum minus sed saepe necessitatibus impedit. Quos ut non qui aut harum.', 5579, 21, 11, '2019-04-12 23:07:02', '2019-04-12 23:07:02'),
(35, 'dicta', 'Omnis dolore quos deleniti et sunt repellendus. Doloremque ut veniam veniam iusto impedit. Dolorum sed impedit possimus tempore illo. Aut corporis rem porro voluptatum amet quo. Et aut similique aspernatur id ut.', 5274, 77, 12, '2019-04-12 23:07:02', '2019-04-12 23:07:02'),
(36, 'magni', 'Earum similique et eius quod non non. Sit sunt est odit laborum fugiat. Sit cupiditate modi ab vitae porro sit id animi. Quis provident rerum eius enim.', 2218, 76, 15, '2019-04-12 23:07:02', '2019-04-12 23:07:02'),
(37, 'nihil', 'Beatae eveniet ut id et esse totam vitae molestias. Neque omnis earum voluptas voluptas suscipit.', 3561, 65, 12, '2019-04-12 23:07:02', '2019-04-12 23:07:02'),
(38, 'illum', 'Facere quidem ex ea similique perspiciatis. Ullam quo animi deserunt consequuntur dicta. Voluptate temporibus possimus vel consequatur.', 3089, 85, 23, '2019-04-12 23:07:02', '2019-04-12 23:07:02'),
(39, 'molestias', 'Soluta eos officia architecto consequatur vel. Ea quam cupiditate debitis. Nemo aut sapiente eaque id et. Accusantium minus veniam repellendus nisi.', 6274, 12, 15, '2019-04-12 23:07:02', '2019-04-12 23:07:02'),
(40, 'modi', 'Praesentium est rerum sapiente dolore voluptates esse vel. Totam placeat eveniet eius quidem quas. Et ut suscipit aliquid ut alias.', 6172, 33, 27, '2019-04-12 23:07:02', '2019-04-12 23:07:02'),
(41, 'atque', 'Consectetur natus rem quidem cumque ut. Et error ut sit. Harum cupiditate dolorem modi quis suscipit aut omnis. Vitae vero sequi eius animi et nihil eum.', 4585, 63, 16, '2019-04-12 23:07:02', '2019-04-12 23:07:02'),
(42, 'similique', 'Consectetur iure commodi voluptatem similique autem culpa est. Dolores eaque nihil rerum incidunt non. Sunt repellat perspiciatis aliquid in quisquam amet. Rem culpa autem alias occaecati sed ratione.', 3381, 72, 28, '2019-04-12 23:07:02', '2019-04-12 23:07:02'),
(43, 'tenetur', 'In omnis nulla sit velit accusantium. Consequuntur nulla eos nam eos et magnam facilis. Qui qui incidunt velit sint enim molestiae et. Animi a laudantium corrupti voluptatem iste vel expedita.', 4770, 35, 14, '2019-04-12 23:07:02', '2019-04-12 23:07:02'),
(44, 'nesciunt', 'Ut nobis libero reiciendis cumque ipsam architecto. Eum suscipit repellat id. Eos corporis minima quisquam sint ipsa praesentium molestiae. Aut amet vel doloremque delectus.', 2795, 15, 28, '2019-04-12 23:07:02', '2019-04-12 23:07:02'),
(45, 'rerum', 'Consequatur itaque vel ullam tenetur. Qui iusto ea aliquam rem. Architecto et sed sed beatae ab enim sit.', 5266, 52, 15, '2019-04-12 23:07:02', '2019-04-12 23:07:02'),
(46, 'nostrum', 'Dicta doloribus omnis non. Omnis dolores repudiandae et ut alias nesciunt. Veniam id quia eligendi.', 6297, 56, 23, '2019-04-12 23:07:02', '2019-04-12 23:07:02'),
(47, 'neque', 'Consequatur aut at incidunt aut rerum tenetur et. Quis qui quod alias ut. Qui quidem voluptas aut voluptatem quaerat. Nostrum id exercitationem autem et nisi in deserunt.', 1188, 59, 22, '2019-04-12 23:07:02', '2019-04-12 23:07:02'),
(48, 'fugiat', 'Autem accusamus adipisci beatae asperiores nihil. Ullam itaque tempore est blanditiis explicabo ea esse. Vel et molestias enim voluptas deserunt.', 2993, 80, 23, '2019-04-12 23:07:02', '2019-04-12 23:07:02'),
(49, 'enim', 'Ut ex nobis esse qui quidem. Sit asperiores nostrum explicabo odit accusamus. Quas qui fuga sequi et sit.', 5390, 60, 21, '2019-04-12 23:07:02', '2019-04-12 23:07:02'),
(50, 'aut', 'Est assumenda enim rerum tempore est quis quas et. Ut perferendis qui est omnis. Nemo tempore minus labore ab voluptates et non.', 2204, 68, 27, '2019-04-12 23:07:02', '2019-04-12 23:07:02');

-- --------------------------------------------------------

--
-- Table structure for table `reviews`
--

CREATE TABLE `reviews` (
  `id` int(10) UNSIGNED NOT NULL,
  `product_id` int(10) UNSIGNED NOT NULL,
  `customer` varchar(191) COLLATE utf8mb4_unicode_ci NOT NULL,
  `review` text COLLATE utf8mb4_unicode_ci NOT NULL,
  `star` int(11) NOT NULL,
  `created_at` timestamp NULL DEFAULT NULL,
  `updated_at` timestamp NULL DEFAULT NULL
) ENGINE=InnoDB DEFAULT CHARSET=utf8mb4 COLLATE=utf8mb4_unicode_ci;

--
-- Dumping data for table `reviews`
--

INSERT INTO `reviews` (`id`, `product_id`, `customer`, `review`, `star`, `created_at`, `updated_at`) VALUES
(1, 19, 'Earnest Hodkiewicz', 'Beatae exercitationem nisi vero hic veniam facilis qui consequuntur. Itaque quae non placeat nobis ut quas voluptates. Consequatur aperiam odit aperiam incidunt sint placeat ut pariatur.', 3, '2019-04-12 23:07:06', '2019-04-12 23:07:06'),
(2, 49, 'Kurtis Hand', 'Aliquam facere non ea voluptas voluptatem. Sunt non sunt et necessitatibus nobis reprehenderit quis aut. Beatae est deserunt aspernatur et et. Occaecati officiis nihil quisquam ullam voluptatem quasi.', 5, '2019-04-12 23:07:06', '2019-04-12 23:07:06'),
(3, 29, 'Crawford Marquardt', 'Perferendis enim dolorem reprehenderit quisquam. Earum itaque perspiciatis libero ducimus. Quia quidem possimus nostrum velit ea et. Iure asperiores dolorum officia sed sed maiores perferendis.', 3, '2019-04-12 23:07:06', '2019-04-12 23:07:06'),
(4, 20, 'Lucie Paucek', 'Voluptatibus quia et in quis ducimus sed nulla. Deleniti occaecati tenetur tenetur harum distinctio. Quia repellendus est quis architecto. Et voluptates aliquam sequi.', 2, '2019-04-12 23:07:06', '2019-04-12 23:07:06'),
(5, 38, 'Keanu Bahringer V', 'Enim enim reiciendis optio perferendis. Minus commodi dolor reiciendis. Cumque praesentium hic a occaecati reprehenderit dolores et ea. Iusto rerum veniam dolor ipsa accusamus enim nulla.', 1, '2019-04-12 23:07:06', '2019-04-12 23:07:06'),
(6, 22, 'Leanna Goyette', 'Debitis qui molestias est laudantium quam commodi. Et explicabo itaque culpa harum minima quos ut. Sed facilis dolore natus recusandae.', 5, '2019-04-12 23:07:06', '2019-04-12 23:07:06'),
(7, 20, 'Alyson Abernathy I', 'Enim molestiae non adipisci qui officiis officia quisquam. Incidunt fugit similique dolore laudantium iure impedit odio. Ipsum et earum ut atque error. Distinctio deleniti ratione debitis sit. Quae consequuntur in quam aut voluptatum.', 2, '2019-04-12 23:07:06', '2019-04-12 23:07:06'),
(8, 25, 'Ms. Kamille Grant DDS', 'Minus iste ipsa voluptatem nostrum quod. Veritatis molestias et et impedit occaecati cumque. Aliquam aliquid ad fugiat eius ea.', 2, '2019-04-12 23:07:06', '2019-04-12 23:07:06'),
(9, 45, 'Kaycee Lebsack', 'Molestias qui quas illo pariatur aut sunt cupiditate explicabo. Id quia iusto sequi repudiandae. Placeat et eum soluta sunt rerum debitis magni. Esse possimus et tempora voluptatem.', 4, '2019-04-12 23:07:06', '2019-04-12 23:07:06'),
(10, 50, 'Elyse Stroman', 'Sit magni fuga tempora ea alias minus. Quisquam neque voluptate veniam cum. Ut eum autem beatae repellat repudiandae sed. Voluptas accusantium id distinctio sed animi blanditiis.', 2, '2019-04-12 23:07:06', '2019-04-12 23:07:06'),
(11, 22, 'Willa Lesch IV', 'Maiores repudiandae similique saepe consectetur id vel. Consequatur aut cupiditate at suscipit. Ducimus esse sed ab nesciunt odit est. Et velit ut est est repellat doloremque maiores.', 5, '2019-04-12 23:07:06', '2019-04-12 23:07:06'),
(12, 37, 'Jannie Bergnaum', 'Sunt autem est repellat ratione ad facere. Expedita expedita numquam illum ad. Illo a quidem laudantium facere sunt.', 3, '2019-04-12 23:07:06', '2019-04-12 23:07:06'),
(13, 27, 'Mrs. Alisha Vandervort', 'Quis vel ut id quae eligendi aut. Minima et perferendis et deserunt occaecati voluptatem aut qui. Eaque expedita sint maiores officiis. Saepe sint sit iusto similique perspiciatis non veritatis rerum. Corporis similique velit atque id nesciunt esse ducimus.', 2, '2019-04-12 23:07:06', '2019-04-12 23:07:06'),
(14, 10, 'Lea Nienow', 'Et sunt rerum omnis quidem ea excepturi. Qui voluptates corrupti voluptatem. Esse non et cumque debitis accusantium aperiam quas. Deleniti consequatur harum omnis et rerum et nemo.', 5, '2019-04-12 23:07:06', '2019-04-12 23:07:06'),
(15, 31, 'Dr. Quinten Gulgowski III', 'Consequuntur facilis velit temporibus natus est fuga. Nostrum praesentium ratione pariatur et exercitationem esse adipisci. Quam voluptas ea voluptatem quam voluptates optio. Alias assumenda cumque ipsa harum.', 0, '2019-04-12 23:07:06', '2019-04-12 23:07:06'),
(16, 33, 'Gardner Connelly', 'Illum corrupti consectetur dolores delectus culpa qui. Dolorum quae aut aut libero eum quaerat sunt.', 2, '2019-04-12 23:07:06', '2019-04-12 23:07:06'),
(17, 27, 'Susana Rempel', 'Optio quis eligendi est saepe eius ducimus. Ut ullam provident dolorem maxime consequuntur eveniet cum. Nisi aut est sint autem est est incidunt. Sit molestias provident nihil non. Suscipit aspernatur error pariatur delectus.', 1, '2019-04-12 23:07:06', '2019-04-12 23:07:06'),
(18, 26, 'Nico Green', 'Est autem doloribus nulla ut consequatur veniam. Deleniti qui sapiente nihil voluptatem nemo ea. Qui quae sequi et eos enim.', 1, '2019-04-12 23:07:06', '2019-04-12 23:07:06'),
(19, 36, 'Marcella Cole', 'Est non nemo eos magnam. Sed quam pariatur aut vero cum dolorum. Eaque voluptatem nam aut iste.', 0, '2019-04-12 23:07:06', '2019-04-12 23:07:06'),
(20, 24, 'Marquise Stroman', 'Quia sapiente magni expedita dolores est sunt est tempora. Et autem ut illo voluptatem optio. Corporis eos debitis temporibus omnis. Nostrum omnis qui aperiam earum voluptatem incidunt voluptas.', 4, '2019-04-12 23:07:06', '2019-04-12 23:07:06'),
(21, 23, 'Ollie Krajcik V', 'Inventore nam at qui dolores aut et at. Temporibus provident qui quae aut. Id necessitatibus dolor molestias voluptas dolores consequatur deleniti. Tempore non dolorem quia et.', 5, '2019-04-12 23:07:06', '2019-04-12 23:07:06'),
(22, 20, 'Mrs. Teresa Eichmann', 'Ipsam enim nemo veritatis commodi dolore non magni velit. Sapiente distinctio occaecati quam officiis natus soluta. Esse ut eos fugit rerum ut totam perspiciatis. Molestias et est eveniet qui impedit fugiat.', 2, '2019-04-12 23:07:06', '2019-04-12 23:07:06'),
(23, 40, 'Murray Schneider I', 'Voluptatem distinctio earum omnis vitae. Qui et debitis impedit ipsum ut qui. Quidem molestiae quo sunt accusamus amet aliquid aut. Esse ut ut nobis magni incidunt.', 1, '2019-04-12 23:07:06', '2019-04-12 23:07:06'),
(24, 10, 'Mrs. Sabina Pagac', 'Amet ut quia illo deserunt. A voluptatem ullam tempora quaerat. Cupiditate autem natus quia et vitae et nam.', 2, '2019-04-12 23:07:06', '2019-04-12 23:07:06'),
(25, 47, 'Olga Cassin', 'Rerum nobis cum ratione doloremque ut. Quaerat consequatur accusantium quas sint in molestiae animi aperiam. Aut repellat eaque aut facilis temporibus in iusto dicta.', 3, '2019-04-12 23:07:06', '2019-04-12 23:07:06'),
(26, 43, 'Ottis Breitenberg', 'Eos perspiciatis laborum unde maiores voluptatem illum. Modi aut doloribus explicabo. Aut voluptatum error sit culpa corporis eos. Architecto voluptatem excepturi et libero est.', 2, '2019-04-12 23:07:06', '2019-04-12 23:07:06'),
(27, 20, 'Dr. Hilario Hane', 'Molestiae ipsam impedit qui quis ea quibusdam. Cupiditate distinctio nisi expedita labore. Sed aut id laudantium qui ratione illo. Quo id alias sit iure. Laboriosam sunt dolores quas blanditiis commodi.', 0, '2019-04-12 23:07:06', '2019-04-12 23:07:06'),
(28, 37, 'Julius Paucek', 'Aperiam sequi qui maxime assumenda ratione. In voluptatem et eaque. Aut repudiandae nihil ut rerum sed. Et enim ut facere eligendi earum qui est.', 5, '2019-04-12 23:07:06', '2019-04-12 23:07:06'),
(29, 24, 'Myra Cruickshank I', 'Perspiciatis voluptas et quibusdam necessitatibus esse ea mollitia voluptates. Aut facere suscipit ut earum ad ea qui. Non nisi dolore accusamus et nostrum temporibus et animi.', 5, '2019-04-12 23:07:06', '2019-04-12 23:07:06'),
(30, 49, 'Kendra Conroy', 'Fuga ut repellat et sint doloremque inventore. Autem temporibus totam a accusamus aut voluptatem dolorem. Optio qui velit mollitia. Sed doloremque officia cumque est ut qui.', 1, '2019-04-12 23:07:06', '2019-04-12 23:07:06'),
(31, 41, 'Emily Prosacco', 'Sequi vel voluptas quia eius. Nulla cupiditate dolores aut. Ratione quo nulla eveniet beatae ea.', 4, '2019-04-12 23:07:06', '2019-04-12 23:07:06'),
(32, 34, 'Floy Douglas', 'Molestiae veritatis explicabo quos aut qui. Culpa inventore esse aliquam qui repudiandae amet incidunt. Magnam iusto soluta a et similique nesciunt. Est vitae molestias ut quibusdam soluta.', 4, '2019-04-12 23:07:06', '2019-04-12 23:07:06'),
(33, 31, 'Maci Walsh', 'Tenetur voluptatem quia non vel velit dolor tempora. Omnis veritatis iusto qui a accusamus ab qui dicta. Architecto fuga sint sit perspiciatis et ut. Quidem sunt ea nesciunt velit et voluptate. Iure nihil est suscipit cum illum.', 0, '2019-04-12 23:07:06', '2019-04-12 23:07:06'),
(34, 15, 'Janick Dicki', 'Itaque voluptatum nobis aperiam molestiae ut. Dolor architecto quibusdam non recusandae qui laudantium optio inventore. Totam in dicta ducimus pariatur qui deleniti repellat. Sequi quia alias impedit facere.', 5, '2019-04-12 23:07:06', '2019-04-12 23:07:06'),
(35, 42, 'Dr. Jamie Crona', 'Quo perferendis sapiente voluptatem et. Perferendis rerum beatae magni repellendus qui optio voluptatem. Nobis molestiae voluptatem cum id. Totam dolor culpa natus.', 5, '2019-04-12 23:07:06', '2019-04-12 23:07:06'),
(36, 25, 'Katlyn Ankunding II', 'Et cupiditate non autem error. Fugiat qui voluptates voluptatibus debitis et.', 4, '2019-04-12 23:07:06', '2019-04-12 23:07:06'),
(37, 48, 'Nyah Hermiston', 'Id explicabo excepturi accusamus odit omnis perferendis. Quisquam voluptate ad laborum quae aut vel. Corrupti qui tempore et ea accusantium et commodi.', 0, '2019-04-12 23:07:06', '2019-04-12 23:07:06'),
(38, 45, 'Dominic Crooks', 'Fugiat et adipisci quidem velit qui officiis ut. Consequatur quam hic id voluptate eligendi. Voluptatem ex porro dolores nisi totam praesentium odio. Nemo ad nisi error vel eveniet et.', 0, '2019-04-12 23:07:06', '2019-04-12 23:07:06'),
(39, 45, 'Dr. Nathan Reinger', 'Eum quod dignissimos a. Temporibus necessitatibus sit non velit maiores. Est et quos deleniti cum atque autem aut. Consequatur harum voluptatum veritatis cumque praesentium. Deleniti sit sapiente at aut explicabo et repellendus vero.', 3, '2019-04-12 23:07:06', '2019-04-12 23:07:06'),
(40, 14, 'Janelle Hills MD', 'Natus sapiente placeat odit maiores quo praesentium sed. Ut assumenda ex quis omnis et quam laborum nisi. Incidunt commodi qui suscipit soluta. Qui et minus repudiandae animi ut corporis quo.', 1, '2019-04-12 23:07:06', '2019-04-12 23:07:06'),
(41, 31, 'Shany Block', 'Et et corporis nostrum qui ea modi vel. Hic itaque laborum facere rerum fugit dignissimos. Aliquam possimus ea dolorum sit officiis laboriosam.', 2, '2019-04-12 23:07:06', '2019-04-12 23:07:06'),
(42, 41, 'Jammie Kris', 'Eum consequatur ea tempore ullam suscipit explicabo quas. Ut iure rerum nobis voluptatem. Sapiente expedita totam consequatur sed voluptas numquam consequatur.', 0, '2019-04-12 23:07:06', '2019-04-12 23:07:06'),
(43, 25, 'Jaron Boyle', 'Aut ut et dolorem hic quam. Quisquam enim cumque ab nihil ex debitis. Doloremque repudiandae omnis corrupti iste id atque voluptas rerum.', 3, '2019-04-12 23:07:06', '2019-04-12 23:07:06'),
(44, 47, 'Melisa Ward', 'Laborum eveniet alias sed aut voluptatibus. Eum aut vero est beatae praesentium eligendi reiciendis dolorum. Inventore sed doloremque eveniet sit tempore. Eius nemo nobis facere id tenetur nihil excepturi.', 4, '2019-04-12 23:07:06', '2019-04-12 23:07:06'),
(45, 44, 'Rylee Buckridge', 'Nobis mollitia et et quis maxime qui earum. Eos doloribus quo et nostrum et id.', 4, '2019-04-12 23:07:06', '2019-04-12 23:07:06'),
(46, 28, 'Dr. Garrett Cremin IV', 'Eligendi nam consequuntur placeat repellat eaque. Non consequatur vel et et aut quis voluptates. Suscipit impedit velit commodi modi deserunt eum.', 2, '2019-04-12 23:07:06', '2019-04-12 23:07:06'),
(47, 44, 'Dr. Kaden Abernathy III', 'Sapiente numquam omnis quis occaecati praesentium atque blanditiis eius. Deleniti voluptas culpa itaque voluptatem. Ut harum minus minima dolore rem rerum. Fugit pariatur omnis suscipit non dolores cumque dolorem.', 2, '2019-04-12 23:07:06', '2019-04-12 23:07:06'),
(48, 40, 'Mrs. Irma Marvin Sr.', 'Ipsa fugit excepturi sit. Aut et quis sit reiciendis temporibus. Mollitia voluptates dolorem quas quo qui labore aut laudantium. In incidunt earum et odit quia. Qui ex assumenda magni ut.', 0, '2019-04-12 23:07:06', '2019-04-12 23:07:06'),
(49, 25, 'Marley Steuber I', 'Voluptatem natus et dicta cumque. Temporibus necessitatibus dolorem voluptas earum explicabo perspiciatis ab. Illo praesentium odit repellendus aliquid aliquam.', 1, '2019-04-12 23:07:06', '2019-04-12 23:07:06'),
(50, 4, 'Carmine Nader', 'Vero et voluptates esse. At ad eum odit voluptatem nulla ut. Impedit ut omnis natus officia reiciendis. Quibusdam autem quo nulla sit.', 3, '2019-04-12 23:07:06', '2019-04-12 23:07:06'),
(51, 44, 'Chase Nienow', 'Non unde omnis dolore qui. Similique voluptatibus rem maiores sed tenetur. Libero blanditiis asperiores harum vitae. Animi aut aperiam qui et.', 0, '2019-04-12 23:07:06', '2019-04-12 23:07:06'),
(52, 1, 'Yesenia Gleason', 'Accusantium ex aut aut nesciunt non sit enim. Et ipsam eveniet sed modi et aliquid. Ex quia qui ut voluptas rerum ea et odio. Et et ullam rerum inventore earum.', 4, '2019-04-12 23:07:06', '2019-04-12 23:07:06'),
(53, 30, 'Giles Champlin', 'Accusamus corporis ut ipsum. Occaecati repellendus maxime sit voluptatem eligendi. Sint sit et deserunt ea autem exercitationem laboriosam. Ut aliquam quaerat eius nulla.', 2, '2019-04-12 23:07:06', '2019-04-12 23:07:06'),
(54, 48, 'Mr. Randy McCullough MD', 'Suscipit quas eum tenetur iste a. Incidunt ut blanditiis eos et dolorum quidem. Qui sunt delectus omnis. Neque temporibus quisquam ut culpa in quidem vitae aperiam.', 2, '2019-04-12 23:07:06', '2019-04-12 23:07:06'),
(55, 49, 'Gilda McClure', 'Omnis aperiam a aut qui. In expedita magni cum est velit ducimus. Delectus rem eos officiis rerum magni. Distinctio doloremque qui nobis sint et.', 0, '2019-04-12 23:07:06', '2019-04-12 23:07:06'),
(56, 33, 'Tatyana Purdy', 'Recusandae nam dolorum delectus rerum rerum sint. Et itaque hic consequatur odit cum. Perspiciatis repudiandae quae odio. Enim magni dolor autem enim quis.', 5, '2019-04-12 23:07:06', '2019-04-12 23:07:06'),
(57, 23, 'Roxanne Larson', 'Et deleniti illum officiis quidem et esse est. Nemo qui quisquam voluptates molestias ratione magni. Praesentium voluptates voluptate consequatur praesentium. Facere aut voluptas a nihil quia. Autem voluptatem quaerat voluptas iure.', 1, '2019-04-12 23:07:06', '2019-04-12 23:07:06'),
(58, 41, 'Sammy Denesik', 'Dolores illo qui earum. Non ea est itaque suscipit et. Qui qui magni totam quasi et libero provident impedit.', 1, '2019-04-12 23:07:06', '2019-04-12 23:07:06'),
(59, 39, 'Gladys Gibson MD', 'Ex eius illum placeat consequatur architecto. Illum doloremque alias sunt dolores quia hic quia. Quia excepturi qui ut. Eligendi necessitatibus modi doloremque repudiandae qui et dolorem.', 0, '2019-04-12 23:07:06', '2019-04-12 23:07:06'),
(60, 5, 'Pearl Beahan', 'Omnis rerum modi amet omnis dolores. Ut consequatur id quasi ut quibusdam facere fugit. Quasi aut debitis totam sint nihil et nihil.', 3, '2019-04-12 23:07:06', '2019-04-12 23:07:06'),
(61, 8, 'Mr. Gregory Strosin', 'Quia earum neque vel temporibus. Aut exercitationem rerum assumenda. Delectus deserunt vel consequuntur harum. Voluptatum nihil vero consectetur est perferendis a tempora.', 2, '2019-04-12 23:07:06', '2019-04-12 23:07:06'),
(62, 37, 'Adriel Ratke', 'Quidem neque vel id quia. Minus omnis consequuntur aut ea. Occaecati id esse necessitatibus eos. Quia nulla fugit quasi in mollitia sed exercitationem.', 1, '2019-04-12 23:07:06', '2019-04-12 23:07:06'),
(63, 19, 'Lexie Bergnaum Sr.', 'Inventore magnam a ad neque modi repellat. Voluptatibus consectetur nihil et. Repellendus facilis saepe quidem et et saepe. Quae impedit similique qui consequuntur voluptatibus.', 3, '2019-04-12 23:07:06', '2019-04-12 23:07:06'),
(64, 24, 'Viola Wisozk', 'Quia temporibus rerum occaecati debitis aut dolores veritatis. Cum aliquid atque nulla enim reprehenderit ullam rerum. Illum qui delectus dignissimos recusandae.', 0, '2019-04-12 23:07:06', '2019-04-12 23:07:06'),
(65, 19, 'Prof. Giles Dooley V', 'Consequatur eligendi ducimus odio adipisci. Quasi error esse perspiciatis non nesciunt. Porro perspiciatis incidunt dolorum velit at consequatur.', 1, '2019-04-12 23:07:06', '2019-04-12 23:07:06'),
(66, 8, 'Maxime Dicki', 'Et sint sed officiis sit et aut. Iure eum corrupti ex tempora. At nisi officiis quia facere sequi dolor voluptatibus. Voluptatem ad odit et deserunt veniam quod.', 1, '2019-04-12 23:07:06', '2019-04-12 23:07:06'),
(67, 11, 'Forrest Kuphal', 'Nemo voluptatem ut eaque soluta est in saepe. Nihil temporibus ad et consequatur in sed. Eaque ut hic sunt et error non vel. Veritatis eum aut fuga dolores repellendus.', 3, '2019-04-12 23:07:06', '2019-04-12 23:07:06'),
(68, 11, 'Tyree Little IV', 'Earum deserunt eius cupiditate maiores et veritatis. Et quod est non voluptas et perferendis atque. Aut ipsum optio iure in voluptatum laborum molestiae. Placeat qui laboriosam vero dolores quia et non.', 5, '2019-04-12 23:07:06', '2019-04-12 23:07:06'),
(69, 46, 'Cecile Mraz', 'Aperiam delectus non cupiditate quaerat explicabo. Eaque tempora molestiae quidem itaque. Placeat aut veniam architecto voluptates sunt repellat est qui. Repellendus repudiandae nisi repellendus.', 5, '2019-04-12 23:07:06', '2019-04-12 23:07:06'),
(70, 32, 'Jaquelin Heidenreich IV', 'Qui est facilis quo ut. Numquam voluptatem enim commodi quia ut ipsum tempore. Exercitationem occaecati repellat iure impedit repudiandae.', 2, '2019-04-12 23:07:06', '2019-04-12 23:07:06'),
(71, 28, 'Lucile Ryan', 'Fugiat numquam ut quis rem aut. Suscipit odio fugit quam nostrum ducimus velit eaque. Recusandae qui minima asperiores.', 1, '2019-04-12 23:07:06', '2019-04-12 23:07:06'),
(72, 15, 'Arlie Stracke', 'Dolorem atque expedita accusamus qui quo facere cupiditate et. Veniam id accusantium assumenda animi nobis. Iusto consequuntur ut nam omnis sint nostrum.', 1, '2019-04-12 23:07:06', '2019-04-12 23:07:06'),
(73, 16, 'Cristal Becker', 'Accusamus sed inventore quas sit. Est et animi voluptatibus. Autem eaque iusto ipsam non sint.', 0, '2019-04-12 23:07:06', '2019-04-12 23:07:06'),
(74, 19, 'Dr. Lynn Mayer', 'Qui repellendus rerum ut reiciendis cupiditate pariatur. Fugiat ipsum assumenda sunt dolore et ut. Ut assumenda est est.', 2, '2019-04-12 23:07:06', '2019-04-12 23:07:06'),
(75, 43, 'Mr. Deven Cremin', 'Atque sint modi vitae veniam labore. Aliquam libero exercitationem et sit rerum quae. Excepturi aperiam nesciunt est ea aliquid dolorum. Officiis at temporibus suscipit rerum voluptas.', 3, '2019-04-12 23:07:06', '2019-04-12 23:07:06'),
(76, 38, 'Carolyne Skiles I', 'Dolores omnis dolores animi voluptatem facere facere quia. Tenetur optio nihil eum voluptatum vel aliquam soluta. Excepturi magnam omnis veniam quaerat. Aut ratione dolorum dolorem aspernatur praesentium.', 0, '2019-04-12 23:07:06', '2019-04-12 23:07:06'),
(77, 25, 'Jonathan Ziemann', 'Et adipisci dolorem atque a ea aut et. Eveniet est numquam rem quos. Officiis tenetur minima dolore et autem omnis. In rerum eos est fuga iste omnis dolores.', 0, '2019-04-12 23:07:06', '2019-04-12 23:07:06'),
(78, 47, 'Freddie Rolfson MD', 'Quis aut enim tenetur occaecati ipsam commodi dolore. Quam et illum ad sapiente repellendus maxime. Est quisquam laboriosam autem beatae sed tempora numquam.', 5, '2019-04-12 23:07:06', '2019-04-12 23:07:06'),
(79, 23, 'Harold Hermann Sr.', 'Ut nemo aut corporis sed quis. Pariatur eligendi expedita incidunt. Autem soluta aut reiciendis facilis fugiat placeat dolorem. Non unde facilis quidem qui et quae omnis.', 3, '2019-04-12 23:07:06', '2019-04-12 23:07:06'),
(80, 35, 'Dr. Kelley Daugherty Jr.', 'Quia suscipit optio sint est. Aut recusandae totam in sed fugit deserunt harum rem. At voluptas exercitationem qui accusantium placeat in cumque culpa.', 4, '2019-04-12 23:07:06', '2019-04-12 23:07:06'),
(81, 2, 'Devonte Weber', 'Aut officia sit nam dolores ducimus culpa sunt non. Aut suscipit commodi esse dolor ipsum inventore ut culpa. Id totam error ipsa alias voluptas.', 5, '2019-04-12 23:07:06', '2019-04-12 23:07:06'),
(82, 3, 'Miss Alanna Gaylord', 'Deleniti error et sint velit et ab. Inventore sed aperiam non. Corporis ipsum aut id aut.', 3, '2019-04-12 23:07:06', '2019-04-12 23:07:06'),
(83, 48, 'Ilene Hilpert', 'Aut dicta quis necessitatibus architecto quibusdam ratione. Autem ullam perferendis reiciendis distinctio nihil tempore. Fuga voluptatem praesentium esse explicabo.', 5, '2019-04-12 23:07:06', '2019-04-12 23:07:06'),
(84, 1, 'Dr. Belle Mosciski', 'Optio omnis deleniti occaecati eius voluptatem quae est. Cumque quo ut aut libero excepturi. Rerum expedita modi magnam. Veniam consectetur delectus at commodi.', 4, '2019-04-12 23:07:06', '2019-04-12 23:07:06'),
(85, 5, 'Dr. Adalberto Kub DVM', 'Deleniti adipisci adipisci consequatur quia eveniet illo. Velit labore illo minus suscipit. Hic iure similique neque tempora exercitationem.', 2, '2019-04-12 23:07:06', '2019-04-12 23:07:06'),
(86, 14, 'Milo Dooley', 'Iste non et et distinctio saepe aut ut. Omnis dolores aut qui a repudiandae enim sequi. Est tempora quibusdam qui veritatis.', 3, '2019-04-12 23:07:06', '2019-04-12 23:07:06'),
(87, 8, 'Miss Genoveva Hartmann', 'Eum eligendi sint consequatur aut. Rem magnam tempore maiores quos sit quos. Ratione sed eius corrupti dolorem. Aliquid non a non eligendi labore.', 0, '2019-04-12 23:07:06', '2019-04-12 23:07:06'),
(88, 37, 'Delaney DuBuque Jr.', 'Ab et nihil incidunt blanditiis deleniti. Consequatur animi consectetur a. Debitis unde laboriosam laborum et voluptate assumenda labore.', 2, '2019-04-12 23:07:06', '2019-04-12 23:07:06'),
(89, 34, 'Damaris Mante', 'Cum tempore error tempora voluptatem. Illo sapiente expedita qui quia veniam. Et quam dolores perferendis nisi et. Consequatur delectus illo sed. Aut rerum voluptatem repellat eos et suscipit eum.', 3, '2019-04-12 23:07:06', '2019-04-12 23:07:06'),
(90, 4, 'Keven Jacobson', 'Id et rerum harum aut. Illum et et perferendis minus est. Voluptas et ut magnam autem sit at laudantium.', 3, '2019-04-12 23:07:06', '2019-04-12 23:07:06'),
(91, 36, 'Kianna Stark', 'Veritatis aut rerum autem fugit facilis ea est. Dolorem quo eveniet vel id velit. Animi debitis maxime voluptatem ut excepturi sint aut vel.', 2, '2019-04-12 23:07:06', '2019-04-12 23:07:06'),
(92, 47, 'Prof. Clifford Dickens PhD', 'Consequuntur quasi beatae voluptatum aut. Ipsum dolorem id a est nam laudantium minima. Incidunt aut ut ab. Molestias numquam ut sunt rem sed cum et.', 1, '2019-04-12 23:07:06', '2019-04-12 23:07:06'),
(93, 49, 'Prof. Leonel Vandervort PhD', 'Placeat quia officiis esse perferendis. Ad adipisci animi repellat id quis deleniti omnis sapiente. Sequi non dolorum ipsa sint impedit molestiae.', 5, '2019-04-12 23:07:06', '2019-04-12 23:07:06'),
(94, 2, 'Mrs. Aliza Bosco MD', 'Voluptates assumenda dolorem quidem assumenda commodi eveniet omnis odio. Officia aut voluptatem fuga et harum nihil magnam sunt. Omnis sed cumque distinctio labore accusantium.', 5, '2019-04-12 23:07:06', '2019-04-12 23:07:06'),
(95, 13, 'Nia Nikolaus', 'Necessitatibus blanditiis consequatur ad minus velit. Quam explicabo occaecati tenetur. Maxime officia aliquam vitae explicabo ducimus numquam.', 1, '2019-04-12 23:07:06', '2019-04-12 23:07:06'),
(96, 36, 'Myriam Klein', 'Molestias et quia necessitatibus veniam. Repudiandae magnam sit molestias ratione qui ratione laboriosam. Quasi sed ducimus accusantium aliquam error quo.', 0, '2019-04-12 23:07:06', '2019-04-12 23:07:06'),
(97, 15, 'Dr. Kenna Howell IV', 'Excepturi quia est cupiditate fugiat sit. Dolor ad explicabo deleniti error et vel quos. Veniam nemo et id ea perferendis. Quis nostrum velit dolor maiores.', 5, '2019-04-12 23:07:06', '2019-04-12 23:07:06'),
(98, 29, 'Dr. Penelope Hyatt DDS', 'Ut blanditiis delectus voluptatem ea et itaque qui. At dolorem rerum occaecati. Deleniti laboriosam et commodi minus.', 2, '2019-04-12 23:07:06', '2019-04-12 23:07:06'),
(99, 6, 'Karianne Greenfelder', 'Exercitationem ut expedita quisquam magnam voluptatem impedit. Sequi voluptatum ullam ea rerum impedit optio eos. Laudantium et qui sed et. Praesentium quia optio voluptates autem ullam impedit occaecati tempore.', 5, '2019-04-12 23:07:06', '2019-04-12 23:07:06'),
(100, 16, 'Dr. Sibyl Kulas I', 'Voluptas nemo esse corporis aut quisquam. Beatae consequatur unde rem quia cum sequi quae. Esse quae atque eum numquam maiores dignissimos. Consequatur fugit rem sed nostrum voluptas. Labore quis sunt consequatur occaecati occaecati dignissimos ea.', 0, '2019-04-12 23:07:06', '2019-04-12 23:07:06'),
(101, 25, 'Elinor Goodwin', 'Velit distinctio laboriosam exercitationem iste eum alias. Natus alias pariatur praesentium facilis. Ut assumenda totam ad quibusdam ut ipsum tempora. Aut incidunt excepturi rem sequi officiis non voluptas.', 3, '2019-04-12 23:07:06', '2019-04-12 23:07:06'),
(102, 35, 'Yvette Kuphal DDS', 'Dicta unde harum eligendi repudiandae ut dolor. Aspernatur vel modi sed ea impedit est sit deserunt. Harum reprehenderit eveniet nam dolorem. Doloribus repellat et fugiat rerum quis doloremque ducimus. Quis voluptatem earum est eius.', 5, '2019-04-12 23:07:06', '2019-04-12 23:07:06'),
(103, 22, 'Mariam Blanda', 'Voluptatem enim fugiat aspernatur aspernatur. Laboriosam necessitatibus enim est. Vel veniam soluta illum praesentium consectetur repellat temporibus error.', 5, '2019-04-12 23:07:06', '2019-04-12 23:07:06'),
(104, 21, 'Prof. Sigrid Cummerata MD', 'Velit quia repudiandae dicta dolor veritatis eaque. Et sed numquam hic iure cum. Molestias quo saepe qui et placeat. Ea magni sapiente omnis aut eos culpa animi.', 3, '2019-04-12 23:07:06', '2019-04-12 23:07:06'),
(105, 35, 'Onie Cummings', 'Sunt harum velit voluptatem expedita autem. Nihil sequi dolore nemo excepturi dolorum vel mollitia earum. Dicta vero dignissimos perspiciatis et est alias voluptatem. Et deleniti veniam pariatur magni excepturi est molestiae. Ut iure necessitatibus voluptates odio.', 5, '2019-04-12 23:07:06', '2019-04-12 23:07:06'),
(106, 11, 'Danyka Cruickshank', 'Sit delectus mollitia sint blanditiis quo et. Expedita eveniet sit ea harum aspernatur magnam. Et voluptatum molestiae et. Error labore consequatur tempore distinctio vel.', 1, '2019-04-12 23:07:06', '2019-04-12 23:07:06'),
(107, 18, 'Alessia Kuhn', 'Adipisci iste nulla necessitatibus ut sunt. Quia incidunt velit est quo tempora quia qui. At voluptas nulla expedita. Laudantium neque laborum vero delectus assumenda.', 0, '2019-04-12 23:07:06', '2019-04-12 23:07:06'),
(108, 27, 'Prof. Karl Schultz I', 'Alias molestias blanditiis incidunt est aut blanditiis et. Saepe corrupti tempora eum voluptatibus vero accusantium. Atque expedita rerum ullam sit qui non dolor. Fuga dolores unde corporis officiis.', 3, '2019-04-12 23:07:06', '2019-04-12 23:07:06'),
(109, 5, 'Nicolas Ernser', 'Enim dolorem excepturi aut sit. Laboriosam atque quis sit. Dicta magni blanditiis veritatis sit neque. Vero ipsam eius et.', 5, '2019-04-12 23:07:06', '2019-04-12 23:07:06'),
(110, 3, 'Enoch Lowe', 'Et itaque est molestiae perspiciatis recusandae non. Cum nisi nesciunt voluptatem magnam. Magnam vel sint minima alias dolores.', 3, '2019-04-12 23:07:06', '2019-04-12 23:07:06'),
(111, 29, 'Theresia Hettinger', 'Sit qui minima laborum optio voluptas amet. Neque atque neque maxime iste eaque harum. Voluptas sint et ea facere nostrum culpa.', 5, '2019-04-12 23:07:06', '2019-04-12 23:07:06'),
(112, 35, 'Conor Feeney', 'Veritatis sit optio voluptate odio dolorem aperiam. Rem dolor voluptate quis. Possimus molestias atque voluptatem delectus et eligendi. Rem beatae ad neque aut et sunt omnis. Qui voluptate numquam pariatur minima recusandae amet.', 3, '2019-04-12 23:07:06', '2019-04-12 23:07:06'),
(113, 1, 'Dr. Kane Wisoky', 'Harum ullam veniam aperiam. Ut nihil molestiae et fuga. Suscipit voluptas labore architecto tenetur.', 5, '2019-04-12 23:07:06', '2019-04-12 23:07:06'),
(114, 27, 'Dr. Kenton Tromp', 'Repudiandae quasi maiores velit nam exercitationem. Ex praesentium aperiam dolorem qui laudantium sed sit. Et eos recusandae sint nisi repudiandae quos quia architecto. Perspiciatis dignissimos sapiente mollitia laborum nulla.', 2, '2019-04-12 23:07:06', '2019-04-12 23:07:06'),
(115, 21, 'Rod Rogahn', 'Qui cumque praesentium odit et sed et. Qui impedit at ut non fuga.', 2, '2019-04-12 23:07:06', '2019-04-12 23:07:06'),
(116, 28, 'Mr. Aron Kemmer V', 'Minima deserunt et impedit asperiores hic. Fugit molestiae error vel et fugit modi nisi. Adipisci quis provident voluptas quibusdam eligendi.', 5, '2019-04-12 23:07:06', '2019-04-12 23:07:06'),
(117, 28, 'Demarco Hamill', 'Fuga repellat aperiam nihil esse et ut. Molestias perferendis optio rem. Iste ab laboriosam maxime ipsam sapiente modi.', 5, '2019-04-12 23:07:06', '2019-04-12 23:07:06'),
(118, 50, 'Arnaldo Waters', 'Sit quis ratione inventore nostrum tempora. Natus consequatur et rerum quae quaerat officiis. Fugiat natus corrupti ipsam autem fugit rem veniam.', 0, '2019-04-12 23:07:06', '2019-04-12 23:07:06'),
(119, 42, 'Bart Toy', 'Nesciunt adipisci perspiciatis quis sint dolorem ea aut. Aliquid aut minima et voluptate voluptatibus et. Ullam quia eum eum quasi dolorum. Ipsum et aperiam cumque voluptatibus.', 2, '2019-04-12 23:07:06', '2019-04-12 23:07:06'),
(120, 44, 'Wava Kautzer', 'Dolorum quibusdam omnis voluptates nesciunt quasi eos nihil. Ut magni earum assumenda est est fugiat laboriosam. Est debitis ipsa voluptatem sit voluptas voluptas.', 2, '2019-04-12 23:07:06', '2019-04-12 23:07:06'),
(121, 20, 'Prof. Aurelio Hermann', 'Voluptatem aut quaerat sit atque ut earum. Nesciunt adipisci repudiandae et fugiat. Quia ut sequi similique ut. Qui qui ipsam voluptate rem et laborum voluptatibus molestiae.', 0, '2019-04-12 23:07:06', '2019-04-12 23:07:06'),
(122, 14, 'Arne Zulauf II', 'Recusandae corrupti aut voluptatem autem voluptas ex. Velit qui rem voluptatem possimus eligendi molestiae soluta. Error quis dolores dolorem blanditiis ex.', 1, '2019-04-12 23:07:06', '2019-04-12 23:07:06'),
(123, 33, 'Prof. Linda D\'Amore', 'Qui architecto atque earum velit provident. Voluptas quos mollitia enim provident dolorem possimus excepturi. Consequatur animi eaque aut ipsam deserunt rerum. Facilis doloremque numquam et.', 2, '2019-04-12 23:07:06', '2019-04-12 23:07:06'),
(124, 12, 'Mr. Juston Donnelly', 'Itaque rerum magni quasi. Eligendi sunt repellendus vel est. Ex quis porro ex beatae.', 0, '2019-04-12 23:07:06', '2019-04-12 23:07:06'),
(125, 16, 'Georgette Weber II', 'Omnis quia laboriosam rerum reprehenderit repellat. Recusandae quaerat eius rerum iusto. Omnis asperiores saepe voluptas sapiente quia doloremque enim.', 1, '2019-04-12 23:07:06', '2019-04-12 23:07:06'),
(126, 39, 'Prof. Lavon Kris III', 'Omnis ex et repudiandae nostrum. Impedit exercitationem facere voluptate ut dolor est. Nostrum quia non sit eos et natus labore nam. Non aut commodi molestias rem.', 1, '2019-04-12 23:07:06', '2019-04-12 23:07:06'),
(127, 12, 'Imogene Ledner', 'Eveniet sequi possimus est reprehenderit nesciunt veritatis. Quia modi deleniti sit occaecati et doloremque dolorem. Blanditiis qui nostrum culpa blanditiis. Ullam accusamus qui quidem quod suscipit dolorem.', 3, '2019-04-12 23:07:06', '2019-04-12 23:07:06'),
(128, 20, 'Blanca Purdy', 'Maiores dolorum sit doloremque nemo tenetur perspiciatis ut ut. Dolor maxime doloribus et error distinctio. Aspernatur qui necessitatibus repudiandae expedita recusandae adipisci. Aspernatur ut minus officiis rerum. Iusto nisi repudiandae est expedita qui assumenda.', 4, '2019-04-12 23:07:06', '2019-04-12 23:07:06'),
(129, 32, 'Dr. Russel McGlynn IV', 'Provident et qui vel repellendus. Ex consequatur mollitia sunt doloremque reiciendis. Porro molestias aut et illum dignissimos architecto. Vitae amet labore aut optio maxime.', 2, '2019-04-12 23:07:06', '2019-04-12 23:07:06'),
(130, 5, 'Sarah Schowalter', 'Et blanditiis nisi deleniti sunt dicta quam. Labore modi sit dolorem vel magnam natus. Doloribus dolorem similique dolorem rerum ex ea.', 3, '2019-04-12 23:07:06', '2019-04-12 23:07:06'),
(131, 22, 'Dr. Delpha Crooks IV', 'Quia nihil necessitatibus dolor. Laudantium at provident pariatur suscipit aliquid dicta. Expedita accusantium quis accusantium quaerat cupiditate et expedita iusto. Itaque iusto ipsum qui dolor est voluptatem sint qui.', 1, '2019-04-12 23:07:06', '2019-04-12 23:07:06'),
(132, 10, 'Fabiola Dibbert', 'Et aut temporibus reprehenderit qui quis. Veniam ut itaque eos itaque optio. Amet ducimus atque aut id.', 3, '2019-04-12 23:07:06', '2019-04-12 23:07:06'),
(133, 21, 'Nona Bernier II', 'Nostrum nesciunt enim consequatur officia delectus fugiat odit. Ut voluptas maxime voluptatibus sit autem. Ipsum laboriosam aut ipsum earum aliquam omnis.', 0, '2019-04-12 23:07:06', '2019-04-12 23:07:06'),
(134, 36, 'Prof. Domenic Cremin Jr.', 'Laborum ut nostrum dolorem. Error quae eos praesentium dolorem itaque nesciunt. Rerum et voluptatem et aut error odit soluta.', 3, '2019-04-12 23:07:06', '2019-04-12 23:07:06'),
(135, 1, 'Tristin Nitzsche PhD', 'Ea autem et quo quaerat id. Sit dolores incidunt quia reprehenderit. Consequuntur veritatis aut quas aliquam laborum.', 5, '2019-04-12 23:07:06', '2019-04-12 23:07:06'),
(136, 4, 'Leda Stracke', 'Et enim quia provident rerum occaecati sit asperiores. Cum incidunt quidem quia perspiciatis eum nihil. Veritatis sint consequuntur pariatur corporis omnis eos adipisci.', 3, '2019-04-12 23:07:06', '2019-04-12 23:07:06'),
(137, 6, 'Mercedes Ullrich', 'Qui deserunt facere blanditiis. Numquam at veritatis et enim exercitationem quasi. Sint cum ea ut quod molestiae assumenda. Aliquam doloremque ut quo incidunt.', 3, '2019-04-12 23:07:06', '2019-04-12 23:07:06'),
(138, 29, 'Denis Bergnaum', 'Voluptas eos et quidem adipisci. Pariatur quisquam commodi minus nisi atque qui. Repudiandae sunt nam aut soluta repellendus et minima. Expedita velit dolor quod voluptate aperiam. Error inventore qui maiores sint nihil dignissimos iusto officia.', 0, '2019-04-12 23:07:06', '2019-04-12 23:07:06'),
(139, 49, 'Tanner Stroman', 'Omnis rerum quam fugiat quibusdam. Deserunt non tempora nisi adipisci. Repellendus ut voluptate sapiente maxime at.', 2, '2019-04-12 23:07:06', '2019-04-12 23:07:06'),
(140, 29, 'Vicky Feil', 'Eos rerum repellat et in necessitatibus. Qui dolores ea aut qui. Perspiciatis nostrum voluptas dolor nihil sapiente eaque.', 0, '2019-04-12 23:07:06', '2019-04-12 23:07:06'),
(141, 36, 'Trystan Kiehn', 'Hic nobis similique ipsa doloribus omnis. Ut molestiae ut pariatur aut. Voluptates nihil sint similique.', 0, '2019-04-12 23:07:06', '2019-04-12 23:07:06'),
(142, 22, 'Myrtle Weimann', 'Corporis tempora sequi atque nemo consequatur. Molestiae dolorum et beatae possimus aut. Et itaque rerum odio nisi. Ipsam qui quidem corrupti id.', 5, '2019-04-12 23:07:06', '2019-04-12 23:07:06'),
(143, 46, 'Cathryn Gerlach', 'Dolores provident veritatis mollitia voluptates ut. Natus sit libero eos nihil magni. Blanditiis numquam perspiciatis neque consectetur consequatur. Aut at et beatae enim.', 4, '2019-04-12 23:07:06', '2019-04-12 23:07:06'),
(144, 21, 'Bonita Swift', 'Accusantium ea ullam laudantium. Ea autem recusandae repellat voluptas dignissimos id id. Unde inventore assumenda facere autem nisi in illo.', 1, '2019-04-12 23:07:06', '2019-04-12 23:07:06'),
(145, 16, 'Antwon Harvey', 'Dolorem consequatur quasi quis natus voluptatem itaque quia. Accusantium quibusdam ea illum ut similique beatae sapiente. Aut nesciunt repudiandae quis in accusamus accusantium.', 3, '2019-04-12 23:07:06', '2019-04-12 23:07:06'),
(146, 14, 'Freda Rosenbaum', 'Sequi sunt nesciunt qui accusamus deleniti voluptatem iusto. Nihil dicta nisi recusandae est quia. Voluptas quisquam dolor et temporibus. Aut porro sit cumque excepturi neque ipsam.', 0, '2019-04-12 23:07:06', '2019-04-12 23:07:06'),
(147, 27, 'Natalie Gusikowski', 'Distinctio dolores ut nemo ut est minima qui. Et est earum voluptas et odio voluptatem.', 3, '2019-04-12 23:07:06', '2019-04-12 23:07:06'),
(148, 42, 'Clemens Donnelly', 'Recusandae quaerat perferendis qui consequatur a fugit aperiam. Et aut maxime ratione unde possimus sed. Qui neque adipisci assumenda necessitatibus id quis.', 4, '2019-04-12 23:07:06', '2019-04-12 23:07:06'),
(149, 47, 'Dr. Jaida Abbott', 'Veniam odio possimus ullam nostrum voluptatem pariatur. Asperiores vel corrupti omnis minima. Ut sed occaecati ad labore rerum.', 0, '2019-04-12 23:07:06', '2019-04-12 23:07:06'),
(150, 32, 'Gina Mayer', 'Ipsam similique fuga vel non et vero tenetur. Eum aliquid eveniet dicta in recusandae autem sit voluptatem. Iure tempora doloremque voluptatibus aliquid pariatur omnis. Iure nam eaque est iusto ut eaque.', 1, '2019-04-12 23:07:06', '2019-04-12 23:07:06'),
(151, 34, 'Prof. Gerhard Gutmann', 'Libero aliquid omnis voluptatibus sunt. Sit eum error ex ea commodi sit qui. Ab dolores perspiciatis laudantium quod ratione et maiores.', 4, '2019-04-12 23:07:06', '2019-04-12 23:07:06'),
(152, 42, 'Aurelia Monahan', 'Ex aut et ut voluptas hic harum voluptatum. Sunt illum sapiente voluptas accusantium earum at. Porro non doloremque officiis aut dolore nulla aut.', 0, '2019-04-12 23:07:06', '2019-04-12 23:07:06'),
(153, 34, 'Christa Bahringer', 'Qui suscipit eligendi incidunt dolorem libero nulla. Voluptatibus consequatur quo sequi eius temporibus qui aut ut.', 3, '2019-04-12 23:07:06', '2019-04-12 23:07:06'),
(154, 14, 'Carson Collins', 'Sit est est dicta repellat. Accusamus quis molestiae cumque officia repellat est praesentium sint. Reiciendis sit dignissimos qui illo sit autem porro consequuntur.', 5, '2019-04-12 23:07:06', '2019-04-12 23:07:06'),
(155, 18, 'Heloise Johnston', 'Reiciendis quia odio aspernatur dolor. In modi iusto debitis delectus tempore quos. Deserunt quidem doloremque inventore eum.', 0, '2019-04-12 23:07:06', '2019-04-12 23:07:06'),
(156, 40, 'Terrill Runolfsdottir', 'Eum ut ex expedita. Quia incidunt ut quasi quod optio. Sit commodi quas autem animi natus pariatur mollitia. Quisquam voluptatem voluptate voluptate reprehenderit recusandae repellat qui.', 1, '2019-04-12 23:07:06', '2019-04-12 23:07:06'),
(157, 46, 'Haleigh Wintheiser', 'Quibusdam ducimus et nisi enim. Minima nostrum sunt natus omnis enim. Aut iusto accusamus quam nihil blanditiis fugit.', 4, '2019-04-12 23:07:06', '2019-04-12 23:07:06'),
(158, 23, 'Ms. Georgiana Roob', 'Sit qui ad et repellat fugiat at doloremque. Omnis laborum rerum et qui. Ut nihil ut dolores voluptatem sit reiciendis qui. Itaque aut provident in.', 5, '2019-04-12 23:07:06', '2019-04-12 23:07:06'),
(159, 49, 'Rae Romaguera', 'Et enim molestias ipsa. Magni modi id quis ad ea. Non non ea quia est officia qui.', 2, '2019-04-12 23:07:06', '2019-04-12 23:07:06'),
(160, 30, 'Mr. Dallas Walter', 'Officiis facere et similique corporis quo. Quidem dolorum molestiae in deserunt voluptas ut. Et iusto eos eum sit sint nostrum. Corrupti repudiandae officiis maxime asperiores saepe. Et expedita sit corporis.', 4, '2019-04-12 23:07:06', '2019-04-12 23:07:06'),
(161, 13, 'Bette Mitchell Jr.', 'Corporis architecto et eveniet odio qui optio. Et consequuntur laudantium error quasi excepturi sit a ut.', 4, '2019-04-12 23:07:06', '2019-04-12 23:07:06'),
(162, 32, 'Isidro Dare', 'Explicabo voluptatem voluptatem inventore quod aut exercitationem est eum. Possimus assumenda eum provident veniam magni. Minima placeat consequatur corporis dolorem ut debitis. Dolor et ab voluptatem.', 2, '2019-04-12 23:07:06', '2019-04-12 23:07:06'),
(163, 20, 'Demarcus Prohaska PhD', 'Incidunt perspiciatis deleniti quis. Autem sapiente officiis molestiae hic vero. Incidunt nisi consequatur id neque quibusdam natus.', 4, '2019-04-12 23:07:07', '2019-04-12 23:07:07'),
(164, 9, 'Marquis Hand I', 'Inventore sunt incidunt sunt et suscipit reiciendis sapiente quibusdam. Hic aliquid rem molestiae fugiat quia temporibus eius.', 0, '2019-04-12 23:07:07', '2019-04-12 23:07:07'),
(165, 48, 'Mavis Thiel', 'Earum et veniam quis velit quasi. Ex quibusdam eos nostrum et numquam reiciendis ipsa vero. Omnis ratione et maxime inventore voluptates blanditiis aperiam. Harum sunt laborum voluptatem facilis. Rerum nam sit qui unde.', 0, '2019-04-12 23:07:07', '2019-04-12 23:07:07'),
(166, 44, 'Cornell Mayert', 'Esse fuga animi libero quos et molestiae et. Ad modi placeat dolor aut incidunt error. Velit earum quia non quia ea commodi provident. Iure sint placeat et asperiores tempora vitae.', 0, '2019-04-12 23:07:07', '2019-04-12 23:07:07'),
(167, 20, 'Marlin Cummerata', 'Accusamus sapiente sed reprehenderit nihil ut omnis. Impedit neque inventore neque in. Laborum eaque et non ab. Veniam ullam maiores autem alias asperiores.', 4, '2019-04-12 23:07:07', '2019-04-12 23:07:07'),
(168, 25, 'Dr. Regan Wisozk Jr.', 'Illo cumque perferendis sed dolore. Fugit iusto error nisi omnis quae molestiae.', 2, '2019-04-12 23:07:07', '2019-04-12 23:07:07'),
(169, 49, 'Prof. Sherman Gibson', 'Quia corrupti voluptates dolore illum labore magnam veritatis amet. Esse amet tempora sunt fugiat dolores dolorem sequi. At eos et a tempora error consequatur dolorem ut. Qui quibusdam aliquid nesciunt qui nam.', 1, '2019-04-12 23:07:07', '2019-04-12 23:07:07'),
(170, 12, 'Mrs. Maeve Kemmer V', 'Dignissimos fugit illo et odit laudantium. Distinctio incidunt fuga tempore ducimus at aut consequatur. Dolorem ad ipsa possimus quibusdam expedita quia nulla.', 2, '2019-04-12 23:07:07', '2019-04-12 23:07:07'),
(171, 48, 'Arielle Johnson', 'Aut non at nisi facilis quidem qui vitae. Dolores nulla nulla dignissimos ut. Qui enim esse omnis consequatur laborum omnis.', 4, '2019-04-12 23:07:07', '2019-04-12 23:07:07'),
(172, 29, 'Prof. Esta VonRueden Jr.', 'Blanditiis quos vel inventore ea sed saepe vel magnam. Aperiam autem suscipit voluptas vitae praesentium culpa eos. Minus illo quod ipsam. Asperiores quo iure et dignissimos adipisci aut.', 4, '2019-04-12 23:07:07', '2019-04-12 23:07:07'),
(173, 8, 'Roberto Murazik', 'Dolore occaecati cum in. Blanditiis dignissimos dolor consectetur qui. Corrupti dolorem consectetur explicabo impedit ducimus et et architecto. Iure quaerat nihil quam et non quisquam delectus.', 0, '2019-04-12 23:07:07', '2019-04-12 23:07:07'),
(174, 34, 'Tiana Hackett', 'Nihil exercitationem architecto et et autem at sint consequuntur. Et quasi quas excepturi vitae eum eos architecto. Rerum sint possimus quas explicabo. Ipsa omnis vel ad veniam optio aut.', 4, '2019-04-12 23:07:07', '2019-04-12 23:07:07'),
(175, 10, 'Miss Maiya Koepp PhD', 'Sequi praesentium explicabo itaque quisquam. Molestiae non quisquam labore et repudiandae adipisci. Et et dolorem officia.', 4, '2019-04-12 23:07:07', '2019-04-12 23:07:07'),
(176, 13, 'Mr. Devon Bode IV', 'Adipisci assumenda nisi praesentium magni. Iusto vero officia sunt perferendis.', 4, '2019-04-12 23:07:07', '2019-04-12 23:07:07'),
(177, 12, 'Miss Malinda Goyette', 'Cumque ex inventore velit aut pariatur velit esse. In perferendis dolorem rem sit et rem alias. Id omnis praesentium rem quae culpa et quo. Perspiciatis quos sunt aut voluptatem.', 3, '2019-04-12 23:07:07', '2019-04-12 23:07:07'),
(178, 37, 'Erika Hauck III', 'Voluptate consequatur qui porro sunt hic earum. Neque aspernatur tempora veritatis quis. Laboriosam aperiam placeat mollitia voluptas odit unde rerum. Perferendis voluptas totam doloribus et.', 0, '2019-04-12 23:07:07', '2019-04-12 23:07:07'),
(179, 41, 'Demetrius Kemmer', 'Provident illo dolorem et dolores expedita. Molestiae sint sunt sunt eos et. Est eveniet repellendus vel deserunt rem. Voluptas ut omnis et illo est reiciendis ratione.', 0, '2019-04-12 23:07:07', '2019-04-12 23:07:07'),
(180, 47, 'Chadd Altenwerth', 'Adipisci in consectetur est ipsa aliquid est autem. Laborum quisquam ea earum numquam tenetur itaque eveniet. Ab labore libero cumque. Vel quam ad ea et et repudiandae mollitia.', 0, '2019-04-12 23:07:07', '2019-04-12 23:07:07'),
(181, 6, 'Prof. Rene Tromp II', 'Aliquid et repellat neque doloribus. Qui dolores ea fugit et eos. Sed ducimus accusamus quia. Et quos delectus et est laudantium.', 2, '2019-04-12 23:07:07', '2019-04-12 23:07:07'),
(182, 42, 'Soledad Aufderhar', 'Voluptates quo aut deleniti qui. Hic porro magnam est iste quaerat voluptatem ipsam. Recusandae optio perspiciatis dolore eaque modi. Aut nihil iusto sed.', 2, '2019-04-12 23:07:07', '2019-04-12 23:07:07'),
(183, 30, 'Prof. Terrill Wolf', 'Laborum reiciendis illum saepe similique fugiat consequatur sit quia. Eveniet debitis neque ut sit. Et et tenetur excepturi officiis sunt aut accusantium. Reiciendis et nulla voluptatum aut.', 3, '2019-04-12 23:07:07', '2019-04-12 23:07:07'),
(184, 47, 'Mrs. Janelle Shields', 'Iste quae beatae accusamus consectetur ipsa omnis. Deserunt quia molestiae delectus fugiat eveniet eos voluptas. Eveniet laborum vero sunt qui eos aliquid. Tenetur voluptatem maiores quas.', 0, '2019-04-12 23:07:07', '2019-04-12 23:07:07'),
(185, 25, 'Dr. Sydni Bernhard', 'Qui necessitatibus facilis labore. Est nostrum consequatur recusandae et et deleniti. Error est et aperiam similique dolor id. Quasi totam consectetur eos autem velit ut. Omnis explicabo incidunt eos omnis voluptatem amet.', 0, '2019-04-12 23:07:07', '2019-04-12 23:07:07'),
(186, 39, 'Vesta Weimann', 'Mollitia ut harum voluptas aut non. Non sed soluta natus sunt. Aut illum quo fugit. Distinctio molestias blanditiis delectus sunt perspiciatis occaecati aut voluptates.', 4, '2019-04-12 23:07:07', '2019-04-12 23:07:07'),
(187, 38, 'Maurine Cummerata', 'Aperiam commodi corporis voluptatem necessitatibus non distinctio eos ut. Quia provident ipsa harum nihil.', 5, '2019-04-12 23:07:07', '2019-04-12 23:07:07'),
(188, 9, 'Prof. Johnathon Kessler Sr.', 'Perferendis aut voluptate quam aperiam quia id. Id et in maxime voluptatibus sed ut voluptas. Corrupti dolorem commodi deserunt nihil facilis reiciendis.', 5, '2019-04-12 23:07:07', '2019-04-12 23:07:07'),
(189, 46, 'Agustina Quigley', 'Animi nulla ut commodi est provident. Ut eius eligendi dolores enim omnis. Est sint esse dolores ut non perferendis voluptatem. Et voluptatum minus fuga iusto. Distinctio deleniti atque et magni nobis.', 3, '2019-04-12 23:07:07', '2019-04-12 23:07:07'),
(190, 41, 'Angie Bailey', 'Incidunt nesciunt aut voluptatem sunt cum. Quia ratione quo mollitia officiis. Reiciendis minima voluptas ipsa non ipsam ut quam.', 3, '2019-04-12 23:07:07', '2019-04-12 23:07:07'),
(191, 15, 'Herminio Collins', 'Rerum laborum sit ut iusto aspernatur aliquid ea maiores. Iusto aliquam voluptatibus ut qui impedit. Corrupti nesciunt deserunt ut repellat.', 0, '2019-04-12 23:07:07', '2019-04-12 23:07:07'),
(192, 1, 'Jaqueline Schoen', 'Natus aut molestias ut odio eveniet qui blanditiis minima. Earum dolore nihil ut rem quis. Et dolor beatae cum ab. Velit quae consequatur ut facere aspernatur sed ab.', 4, '2019-04-12 23:07:07', '2019-04-12 23:07:07'),
(193, 22, 'Mrs. Emmanuelle Schneider DDS', 'Sunt voluptas eveniet corporis quis. Aut sunt minima distinctio praesentium. Ullam et velit magni alias aut alias fugit. Ut provident consequatur quo accusantium. Qui animi perferendis inventore dolorem sunt omnis.', 4, '2019-04-12 23:07:07', '2019-04-12 23:07:07'),
(194, 27, 'Tristin Zboncak III', 'Nulla beatae quisquam culpa exercitationem officiis. Omnis a incidunt nihil molestias qui. Non ipsa unde molestiae necessitatibus rerum et deleniti. Tenetur culpa in dolore architecto blanditiis.', 0, '2019-04-12 23:07:07', '2019-04-12 23:07:07'),
(195, 17, 'Palma Hegmann DDS', 'Tenetur dolor ipsa aut excepturi dolore odio. Magni rem quisquam soluta. Nostrum ut magnam numquam tempore.', 0, '2019-04-12 23:07:07', '2019-04-12 23:07:07'),
(196, 15, 'Prof. Margarett Kerluke', 'At tenetur minima eum deserunt tenetur temporibus consequatur voluptatum. Earum hic alias voluptas molestiae fugiat laboriosam laboriosam cum. Esse illo eius vero molestiae sit a occaecati.', 3, '2019-04-12 23:07:07', '2019-04-12 23:07:07'),
(197, 36, 'Felicity Runolfsson', 'Voluptatibus sapiente porro sit cumque. Qui veritatis omnis eius quia ipsa incidunt. Pariatur illo assumenda numquam consequatur est.', 0, '2019-04-12 23:07:07', '2019-04-12 23:07:07'),
(198, 44, 'Kyle Jones', 'Corrupti ipsum id aut corporis officiis. Atque rem ea nesciunt explicabo illum sed. Est rerum non tempore nemo. Adipisci sit autem sed accusamus vero minima.', 1, '2019-04-12 23:07:07', '2019-04-12 23:07:07'),
(199, 1, 'Joany Koss', 'Hic dolor velit sit. Mollitia molestias earum cupiditate quia et. Mollitia magnam occaecati dignissimos vel praesentium. Nihil non explicabo libero dignissimos.', 5, '2019-04-12 23:07:07', '2019-04-12 23:07:07'),
(200, 50, 'Dr. Peter Champlin', 'Labore officia vero iure corporis qui. Fugiat molestiae temporibus fugiat architecto provident. Nostrum qui quam rem et in vel quo. Unde culpa beatae facere nam libero rerum in.', 4, '2019-04-12 23:07:07', '2019-04-12 23:07:07'),
(201, 1, 'Prof. Norval Emmerich', 'Dolorem necessitatibus nihil quae nulla quam autem. Qui ullam modi voluptatibus sed distinctio voluptas aut. Magnam dicta accusantium repudiandae sint neque omnis et. Laboriosam error cum adipisci odit sit qui commodi molestiae.', 3, '2019-04-12 23:07:07', '2019-04-12 23:07:07'),
(202, 20, 'Clementine Kling I', 'Velit assumenda animi ratione qui est in. Rerum aut animi in aut sed. Veritatis rerum omnis enim consequatur.', 3, '2019-04-12 23:07:07', '2019-04-12 23:07:07'),
(203, 32, 'Mrs. Clotilde Beahan', 'Blanditiis exercitationem repudiandae eos praesentium quasi. Dolores rerum esse libero aperiam odio ex. Sint aliquam ut earum exercitationem veritatis.', 5, '2019-04-12 23:07:07', '2019-04-12 23:07:07'),
(204, 46, 'Aglae Schultz', 'Qui voluptatem accusantium et expedita et laboriosam. Nesciunt reiciendis aut quod nemo unde. Quis officiis tempora repellendus ipsa ipsa in et.', 5, '2019-04-12 23:07:07', '2019-04-12 23:07:07'),
(205, 33, 'Jennie Hagenes', 'Et saepe repellat adipisci ipsum et accusantium. Est amet ut provident commodi. Libero fuga harum sint minus et et ex. Sapiente veniam rerum dignissimos ducimus et omnis odio.', 3, '2019-04-12 23:07:07', '2019-04-12 23:07:07');
INSERT INTO `reviews` (`id`, `product_id`, `customer`, `review`, `star`, `created_at`, `updated_at`) VALUES
(206, 38, 'Kieran Moen Sr.', 'Aliquid molestias quia esse consequatur. Non quia fugit tenetur ut. Omnis labore officiis voluptatem nulla omnis rerum. Occaecati iste ut officia rerum non sit recusandae.', 1, '2019-04-12 23:07:07', '2019-04-12 23:07:07'),
(207, 3, 'Prof. Lewis Gaylord', 'Exercitationem occaecati sit recusandae placeat omnis. Minus voluptas vitae asperiores iure in cum consequatur laborum. Et sit est in natus molestias iusto ducimus excepturi.', 5, '2019-04-12 23:07:07', '2019-04-12 23:07:07'),
(208, 35, 'Emilia Koch', 'Est recusandae sint ipsa. Ut pariatur quod et. Sint id exercitationem voluptas. Repellat laudantium voluptatem ducimus. Iste quae aspernatur aut quia quod quia quis et.', 3, '2019-04-12 23:07:07', '2019-04-12 23:07:07'),
(209, 30, 'Mireya Heller', 'Ut omnis natus nisi vitae vel saepe. Enim est nostrum est deserunt aliquid. Deleniti et distinctio eum et.', 0, '2019-04-12 23:07:07', '2019-04-12 23:07:07'),
(210, 24, 'Ms. Savannah Schowalter', 'Rem corporis pariatur ipsum quia. Sapiente dolorum ut qui dicta quia. Et odit quis et non porro. Aut quaerat omnis perferendis et.', 4, '2019-04-12 23:07:07', '2019-04-12 23:07:07'),
(211, 49, 'Mr. Lafayette Schuster', 'Natus dolorum autem quia excepturi explicabo eligendi eos. Exercitationem dolor ipsam non laudantium soluta tenetur odit est. Qui ipsum ipsum autem laudantium consectetur. Consequatur iusto autem voluptatem.', 0, '2019-04-12 23:07:07', '2019-04-12 23:07:07'),
(212, 48, 'Ms. Marjorie Graham', 'Temporibus eaque sunt inventore architecto veritatis odio. Nesciunt qui delectus ut. Voluptatem consequatur tempore perspiciatis nihil magni debitis ipsam.', 4, '2019-04-12 23:07:07', '2019-04-12 23:07:07'),
(213, 14, 'Moses Cremin', 'Ab animi magnam suscipit et neque. Deserunt omnis corrupti omnis excepturi. Natus cum debitis laborum.', 1, '2019-04-12 23:07:07', '2019-04-12 23:07:07'),
(214, 49, 'Prof. Reed Moen PhD', 'Vel quod saepe dignissimos. Eligendi aut omnis quibusdam dicta. Aliquam aspernatur molestiae qui excepturi rem id cumque omnis. Et repellat et esse eos asperiores nobis. Amet aperiam autem et ea quidem eum et.', 0, '2019-04-12 23:07:07', '2019-04-12 23:07:07'),
(215, 22, 'Barney Johnson', 'Sequi et dolores id. Quae repudiandae omnis neque itaque vel. Nemo id incidunt omnis atque.', 1, '2019-04-12 23:07:07', '2019-04-12 23:07:07'),
(216, 46, 'Elnora Glover', 'Eveniet et ex cum maiores perspiciatis incidunt. Non ea deserunt nostrum temporibus eum qui. Sequi qui quod quam et ipsa. Laboriosam porro voluptates dolore fuga placeat animi.', 3, '2019-04-12 23:07:07', '2019-04-12 23:07:07'),
(217, 45, 'Lavinia Bernhard', 'Corporis accusamus nisi fugit ut laborum accusamus alias. Debitis reiciendis alias voluptate ea enim harum. Quia est dignissimos cumque qui ut. Et repellat aspernatur consequatur assumenda.', 4, '2019-04-12 23:07:07', '2019-04-12 23:07:07'),
(218, 48, 'Reva Altenwerth', 'Aut ab ut sit. Iure aliquid vitae dolores et. Et reiciendis saepe consequuntur.', 4, '2019-04-12 23:07:07', '2019-04-12 23:07:07'),
(219, 43, 'Mrs. Ashly Ziemann', 'Est nisi voluptatem dicta in adipisci sunt ea. Quo odio blanditiis omnis amet nulla qui. Aut debitis unde eum voluptatem libero est quibusdam. In non aut quam molestiae molestiae.', 1, '2019-04-12 23:07:07', '2019-04-12 23:07:07'),
(220, 43, 'Mr. Newell Dietrich II', 'Nemo voluptate sapiente eligendi occaecati ipsam ea tempore reiciendis. Et eos molestias omnis beatae. Est architecto assumenda sapiente qui occaecati nobis vitae. Aliquid odio dolorum consectetur tempore aliquam commodi ut.', 1, '2019-04-12 23:07:07', '2019-04-12 23:07:07'),
(221, 10, 'Jasper Schowalter', 'Sequi labore dicta qui. Pariatur ad exercitationem voluptatem est repellat ut maiores. Inventore explicabo porro blanditiis ab est nam. Hic quis aut aut odio voluptas illum.', 3, '2019-04-12 23:07:07', '2019-04-12 23:07:07'),
(222, 22, 'Lori Ziemann', 'Doloremque rerum qui sapiente vitae. Perspiciatis delectus et esse enim corporis quos ut. Nam exercitationem rerum pariatur sed ex excepturi. Fuga minus ipsa aut sapiente. Ut fugiat labore earum est.', 5, '2019-04-12 23:07:07', '2019-04-12 23:07:07'),
(223, 14, 'Alejandra O\'Connell', 'Perferendis cum quam expedita soluta rerum inventore. Minus nostrum voluptatibus cumque rerum possimus consectetur. Excepturi debitis similique reprehenderit iusto. Fuga deleniti magni dignissimos provident qui mollitia.', 5, '2019-04-12 23:07:07', '2019-04-12 23:07:07'),
(224, 20, 'Domenic Leuschke', 'Odit dolor culpa voluptatem hic ratione a explicabo. Accusantium ea et doloremque facilis. Tempora quis vitae veniam vel odio aut magni. Sit voluptates consequuntur corrupti magni aut aperiam quis.', 4, '2019-04-12 23:07:07', '2019-04-12 23:07:07'),
(225, 11, 'Josianne Prohaska', 'Maxime voluptatem ut omnis perspiciatis minima eligendi. Alias ex consequuntur repellat. Amet iste non quam. Magni hic sapiente quod in.', 0, '2019-04-12 23:07:07', '2019-04-12 23:07:07'),
(226, 40, 'Destini Marquardt MD', 'Officiis officiis ipsum velit consequatur alias. Est vel nemo commodi officiis. Est delectus et in quisquam ut fuga consequatur.', 5, '2019-04-12 23:07:07', '2019-04-12 23:07:07'),
(227, 3, 'Patrick Morar DVM', 'Ut fugit et hic aut. Fugit libero deleniti cum voluptatum. Illo eos quia totam officia. Repellat hic consequuntur autem culpa dolorem earum commodi.', 2, '2019-04-12 23:07:07', '2019-04-12 23:07:07'),
(228, 7, 'Virginia Swift', 'Fugit a iure cum corrupti vero. Illum dolorem possimus rerum doloribus aspernatur. Alias dolores voluptate ut fugit corporis et. Quod expedita a odio exercitationem.', 2, '2019-04-12 23:07:07', '2019-04-12 23:07:07'),
(229, 41, 'Mr. Maximilian Armstrong', 'Ratione deserunt numquam cupiditate minus non et. Iure repellendus ut et vitae est impedit deserunt ea. Voluptatem similique ipsum facilis nostrum.', 0, '2019-04-12 23:07:07', '2019-04-12 23:07:07'),
(230, 23, 'Malvina Abernathy', 'Sint soluta vel laboriosam eum qui numquam at. Voluptas eveniet atque expedita et vero debitis. Eveniet fugit qui ipsa voluptatem tempore. Ut non aut perferendis.', 5, '2019-04-12 23:07:07', '2019-04-12 23:07:07'),
(231, 26, 'Mr. Lloyd Rippin', 'Reiciendis sint quis et sequi ad praesentium. Quaerat molestiae maiores soluta vel sit dolores. Nemo neque dolorum eaque possimus et sint officia. Dolorem fuga nemo nisi et distinctio.', 0, '2019-04-12 23:07:07', '2019-04-12 23:07:07'),
(232, 10, 'Jamarcus Bernhard', 'Itaque aut reprehenderit enim facilis eum. Est praesentium consectetur et et. Itaque itaque voluptatem sed quis veniam.', 3, '2019-04-12 23:07:07', '2019-04-12 23:07:07'),
(233, 44, 'Katheryn Simonis', 'Consequuntur repellendus ea qui aut. Quos praesentium odio dicta ea a. Atque velit temporibus cupiditate delectus aut ex. Iste dolorem voluptatem velit autem voluptas vel.', 3, '2019-04-12 23:07:07', '2019-04-12 23:07:07'),
(234, 40, 'Mrs. Tracy Medhurst I', 'Aut porro eveniet nihil quo ut unde. Error et laudantium iusto. Id earum distinctio perspiciatis dolores ratione sit id doloribus. Eos adipisci enim a qui maiores ea rem voluptatem.', 3, '2019-04-12 23:07:07', '2019-04-12 23:07:07'),
(235, 7, 'Yasmine Sanford', 'Velit expedita non rerum aperiam. Minima nemo pariatur eos rem saepe natus modi.', 0, '2019-04-12 23:07:07', '2019-04-12 23:07:07'),
(236, 20, 'Jamil Konopelski', 'Molestiae fuga rerum sed sequi. Ipsa consequatur repudiandae quia possimus quisquam modi.', 4, '2019-04-12 23:07:07', '2019-04-12 23:07:07'),
(237, 42, 'Keyshawn Torp', 'Officia quia exercitationem corrupti dolore. Et ab ea sit commodi omnis deleniti laudantium. Et rerum aperiam doloremque blanditiis velit et. Tempora optio sint minus.', 2, '2019-04-12 23:07:07', '2019-04-12 23:07:07'),
(238, 17, 'Antonetta Schaden', 'Mollitia ut dolores et mollitia eum. Eligendi non dolor neque. Culpa placeat eligendi consequuntur in rerum aliquam. Repudiandae nostrum modi hic quas voluptas accusamus fugiat debitis.', 1, '2019-04-12 23:07:07', '2019-04-12 23:07:07'),
(239, 30, 'Lina Leannon', 'Est hic quidem dolorem voluptas fuga ut. In architecto accusamus voluptatem voluptatem rerum. Mollitia consequuntur dicta quos veniam dolores nam optio. Quasi dolor molestiae velit porro consequatur quia excepturi nulla. Est ducimus tenetur autem quia omnis sunt.', 4, '2019-04-12 23:07:07', '2019-04-12 23:07:07'),
(240, 23, 'Bret O\'Hara', 'Quia officia veritatis fuga sed consequatur ipsa totam perferendis. Possimus dolores eaque alias omnis accusamus. Consequatur sint voluptatem magnam. Eveniet et nulla sapiente aperiam aperiam mollitia ea.', 5, '2019-04-12 23:07:07', '2019-04-12 23:07:07'),
(241, 35, 'Lorna Wiza', 'Et unde mollitia architecto voluptatem. Totam nemo id placeat est molestiae dolorem dolores totam. Sed non corrupti qui totam facilis rerum.', 5, '2019-04-12 23:07:07', '2019-04-12 23:07:07'),
(242, 44, 'Santos Hand', 'Magni necessitatibus consequatur sunt et consequatur autem qui. Ipsum ab eveniet magnam repellendus voluptates. Assumenda nulla dignissimos voluptatem aspernatur inventore eos soluta inventore.', 0, '2019-04-12 23:07:07', '2019-04-12 23:07:07'),
(243, 23, 'Dr. Darrel Klocko', 'Eius reprehenderit voluptate et omnis numquam ipsam. Fugiat quis in fugiat id omnis sequi est. Sunt deleniti amet et cum.', 0, '2019-04-12 23:07:07', '2019-04-12 23:07:07'),
(244, 42, 'Helene Hauck', 'Ut blanditiis aut soluta maxime ad voluptates facilis. Optio voluptate rerum quo voluptate. Itaque soluta repudiandae quasi dolores reprehenderit vel.', 5, '2019-04-12 23:07:07', '2019-04-12 23:07:07'),
(245, 32, 'Abigail Osinski', 'Eos repellat corporis mollitia natus illum delectus perferendis. Qui quae voluptatem quos voluptates magni sed occaecati. Natus voluptatum repellat enim. Sed ipsa omnis quis neque sit.', 5, '2019-04-12 23:07:07', '2019-04-12 23:07:07'),
(246, 3, 'Myra Luettgen', 'Suscipit rerum adipisci et sed. Animi beatae reprehenderit magnam maiores doloribus earum labore. Cum omnis vel et ex atque quas est nesciunt. Mollitia eum velit est quia dolorem id.', 0, '2019-04-12 23:07:07', '2019-04-12 23:07:07'),
(247, 13, 'Dr. Heloise Wunsch III', 'Necessitatibus quia quia ex ut. Non cumque deleniti repellat ex eum. Non sint dolorum placeat iste occaecati fuga tempora.', 5, '2019-04-12 23:07:07', '2019-04-12 23:07:07'),
(248, 33, 'Miss Claire Torphy DVM', 'Iure doloremque a est iusto veritatis. Eaque fuga voluptatum assumenda autem. Neque facilis sit ut vitae. Et minus dolor optio impedit nam.', 3, '2019-04-12 23:07:07', '2019-04-12 23:07:07'),
(249, 31, 'Brett Schamberger Jr.', 'Aut sit ad quis praesentium temporibus id aut. Nihil culpa minus fugit inventore non porro neque quasi. Consequatur optio dignissimos libero debitis necessitatibus aut.', 5, '2019-04-12 23:07:07', '2019-04-12 23:07:07'),
(250, 43, 'Orrin Trantow', 'Ex explicabo perferendis autem. Aut aut quo delectus hic explicabo optio enim.', 5, '2019-04-12 23:07:07', '2019-04-12 23:07:07'),
(251, 5, 'Aileen Marvin', 'Iure harum vel consequatur ex. Reiciendis minima rerum accusantium. Reiciendis sequi ipsum voluptas. Inventore sit harum reprehenderit placeat minima.', 2, '2019-04-12 23:07:07', '2019-04-12 23:07:07'),
(252, 35, 'Dr. Manuel Erdman', 'Enim quis odio eum assumenda. Quasi dolorem sed odio omnis sed dolore incidunt. Sequi et nam natus consequuntur accusamus tempora fuga.', 1, '2019-04-12 23:07:07', '2019-04-12 23:07:07'),
(253, 27, 'Jimmy Schaden', 'Dignissimos fugit vel quidem tempore ut provident beatae. Corrupti aut cumque rerum fugit mollitia. Possimus reprehenderit ut ut esse.', 2, '2019-04-12 23:07:07', '2019-04-12 23:07:07'),
(254, 21, 'Derek Quigley', 'Illum provident omnis beatae cumque enim voluptatum dignissimos. Molestias est doloribus molestias et id eveniet aut. Est placeat quis consequatur porro facilis atque praesentium. Consequatur saepe culpa voluptates quia qui repudiandae.', 3, '2019-04-12 23:07:07', '2019-04-12 23:07:07'),
(255, 27, 'Xzavier Osinski', 'Officia qui reprehenderit labore ratione. Asperiores fugiat iusto consectetur maxime aut natus rerum. Corrupti omnis sint animi dolore. Vel voluptatibus repellat soluta qui asperiores iste.', 1, '2019-04-12 23:07:07', '2019-04-12 23:07:07'),
(256, 10, 'Dr. Leland Ondricka', 'Sed pariatur molestiae omnis itaque nisi. Ipsum iste vero sint dolores dolor ab quos. Soluta dolorem et et labore a aut.', 3, '2019-04-12 23:07:07', '2019-04-12 23:07:07'),
(257, 50, 'Lucie Senger', 'Similique numquam magnam itaque ullam. Repellendus minima pariatur fugit saepe officiis reiciendis enim. Architecto eos consequatur rerum ea porro.', 0, '2019-04-12 23:07:07', '2019-04-12 23:07:07'),
(258, 24, 'Napoleon Swaniawski', 'Voluptate dicta aut qui omnis quibusdam. Aut sint sapiente maxime fuga.', 1, '2019-04-12 23:07:07', '2019-04-12 23:07:07'),
(259, 37, 'Otilia Rolfson', 'Exercitationem rem non molestias et. Consequuntur unde asperiores facilis sint. Nisi libero quibusdam ut ipsam.', 3, '2019-04-12 23:07:07', '2019-04-12 23:07:07'),
(260, 11, 'Raven Tremblay', 'Ad ex aut architecto occaecati minima qui. Et eum magnam provident et tempore. Laborum magnam esse et ea quam in quia provident. Culpa ea corrupti ut id rem tempore.', 5, '2019-04-12 23:07:07', '2019-04-12 23:07:07'),
(261, 15, 'Dr. Jess Murphy V', 'Vitae quo sed ea ut ducimus. Sint magnam corrupti nesciunt illum quia quo eos. Et rem autem harum sed.', 0, '2019-04-12 23:07:07', '2019-04-12 23:07:07'),
(262, 40, 'Timmy Friesen IV', 'Soluta odit et soluta cum deserunt ab. Ipsum maxime error et incidunt. Consectetur consequuntur aut amet ad dolor harum.', 5, '2019-04-12 23:07:07', '2019-04-12 23:07:07'),
(263, 17, 'Delfina Mante', 'Explicabo tempora incidunt iste saepe laudantium eius nam assumenda. Voluptas commodi cupiditate doloremque vero consectetur odio. Occaecati labore veniam accusamus explicabo. Earum doloremque non omnis sint qui. Alias voluptatum labore dolorum.', 0, '2019-04-12 23:07:07', '2019-04-12 23:07:07'),
(264, 30, 'Nova Cronin IV', 'Nemo rem tempore sit ipsam est ea rerum voluptatibus. Sint qui quidem nulla voluptatem occaecati repudiandae.', 2, '2019-04-12 23:07:07', '2019-04-12 23:07:07'),
(265, 26, 'Dr. Verona Hermiston IV', 'Fuga sapiente qui impedit placeat. Provident possimus ut dolore minus. Ut magni excepturi eos sed.', 2, '2019-04-12 23:07:07', '2019-04-12 23:07:07'),
(266, 32, 'Kayley Dare IV', 'Est eum numquam aut libero. Quisquam vel voluptatem reprehenderit molestiae vel. Officiis animi quisquam quis provident sequi similique nulla nihil. Error tempora laudantium molestiae quibusdam nihil vel dignissimos. Suscipit rerum dolorum error quaerat impedit.', 1, '2019-04-12 23:07:07', '2019-04-12 23:07:07'),
(267, 3, 'Dr. Mario Dibbert DDS', 'Consequatur voluptatem expedita assumenda qui aut quam aut. Voluptatum ut culpa impedit et. Quos atque modi id delectus natus eveniet. Sit nulla maxime quia voluptatem eos.', 2, '2019-04-12 23:07:07', '2019-04-12 23:07:07'),
(268, 42, 'Maymie Labadie', 'Consequuntur officiis doloribus est et et quis omnis. Cum sunt praesentium ipsam ipsum exercitationem. In quis et et sit doloribus aspernatur dolore quos.', 5, '2019-04-12 23:07:07', '2019-04-12 23:07:07'),
(269, 21, 'Prof. Judd Baumbach III', 'Est ipsam dolor sed beatae nihil repellat non molestiae. Aliquam nisi quia occaecati illo. Pariatur dolorum eaque est ad dolorem est mollitia ratione. Dolore et aperiam sit cum explicabo.', 1, '2019-04-12 23:07:07', '2019-04-12 23:07:07'),
(270, 34, 'Cody Bernhard', 'Et illum ut est perspiciatis voluptatem. Iste incidunt incidunt sapiente expedita officiis. Accusantium quisquam quis quia corporis inventore quo et velit. Sunt ea et similique et delectus odio in.', 4, '2019-04-12 23:07:07', '2019-04-12 23:07:07'),
(271, 10, 'Orin Kohler', 'Est minus cumque beatae voluptatum asperiores. Beatae voluptates nihil consectetur beatae et dolor exercitationem molestias. Aspernatur iure sunt velit. Sint iste nemo aut architecto est perspiciatis.', 0, '2019-04-12 23:07:07', '2019-04-12 23:07:07'),
(272, 6, 'Mrs. Joana Stehr PhD', 'Ea rerum voluptas dignissimos dolorem omnis ipsam et. Aspernatur nihil praesentium sint. Fugiat commodi aut et sed et quos.', 2, '2019-04-12 23:07:07', '2019-04-12 23:07:07'),
(273, 3, 'Teresa Collins', 'Iste quas soluta corporis eum magnam debitis. Eum et at eveniet nostrum maiores eos voluptatem. Architecto aut voluptatem error autem error et.', 3, '2019-04-12 23:07:07', '2019-04-12 23:07:07'),
(274, 11, 'Charlotte Funk DVM', 'Quam iste perferendis labore et. Qui cumque cupiditate ipsa laboriosam. Quia voluptatem placeat molestiae occaecati modi.', 5, '2019-04-12 23:07:07', '2019-04-12 23:07:07'),
(275, 13, 'Michale Mosciski IV', 'Omnis voluptatibus neque aliquam voluptate. Aut esse adipisci ad. Saepe odit maxime natus voluptatem porro ipsa. Ex vel eligendi quia fugit nostrum nemo.', 5, '2019-04-12 23:07:07', '2019-04-12 23:07:07'),
(276, 48, 'Thomas Von I', 'Eligendi aliquid doloribus impedit inventore nulla asperiores. Vel commodi reiciendis et consequuntur. Quasi nam omnis veniam voluptatem atque nobis.', 5, '2019-04-12 23:07:07', '2019-04-12 23:07:07'),
(277, 11, 'Ardith Will', 'Aliquid explicabo nisi blanditiis corrupti architecto. Fugit debitis aliquid aut et. Voluptatem molestiae aliquid id.', 3, '2019-04-12 23:07:07', '2019-04-12 23:07:07'),
(278, 1, 'Pinkie Lakin', 'Officia qui molestias minus ut aut sequi ea. Dicta nisi quo dolor. Dolor porro autem reiciendis commodi earum est. Ipsa temporibus nesciunt qui consectetur rem qui.', 5, '2019-04-12 23:07:07', '2019-04-12 23:07:07'),
(279, 30, 'Prof. Darren Ryan', 'Corrupti sit nihil consequatur ut. Architecto quia cupiditate labore voluptatem cum. Inventore et delectus inventore rerum. Amet rerum maxime dolores.', 1, '2019-04-12 23:07:07', '2019-04-12 23:07:07'),
(280, 32, 'Mr. Jermey Bahringer', 'Molestias eligendi repellendus autem dolorem dolore. Quibusdam sint aperiam veniam ex.', 0, '2019-04-12 23:07:07', '2019-04-12 23:07:07'),
(281, 34, 'Ms. Paula Koepp DDS', 'Fugit provident asperiores iure odit maxime sit odit. Dolor et maxime aut rem occaecati odit suscipit at. Rerum aliquid id illum aut. Aut distinctio laboriosam architecto numquam sint.', 4, '2019-04-12 23:07:07', '2019-04-12 23:07:07'),
(282, 44, 'Mr. Erik Boyle', 'Voluptas vel quisquam quo voluptas quod aut. Qui facilis incidunt optio assumenda quam. Sit corporis enim nihil saepe fugiat.', 4, '2019-04-12 23:07:07', '2019-04-12 23:07:07'),
(283, 19, 'Prof. Cecil Schoen', 'Magni eos quo nihil facere. Sit at est necessitatibus sunt consequatur optio. Debitis atque et eveniet sequi omnis.', 2, '2019-04-12 23:07:07', '2019-04-12 23:07:07'),
(284, 35, 'Nova Osinski II', 'Iste iure eaque est et. Eius qui et laudantium et. Voluptas quam laborum nihil et non ut occaecati. Alias esse laboriosam qui sint.', 3, '2019-04-12 23:07:07', '2019-04-12 23:07:07'),
(285, 34, 'Sage Lesch', 'Qui aut porro ut et ipsam. Voluptatem sit consequuntur quasi qui. Explicabo placeat adipisci sit amet dolore quia dolorum. Voluptates quidem quia maxime voluptas.', 4, '2019-04-12 23:07:07', '2019-04-12 23:07:07'),
(286, 10, 'Dr. Hobart Bogan', 'Voluptatem sunt voluptas ea iure. Suscipit facere rerum blanditiis magnam tenetur sit consequatur ut. Eveniet repudiandae quis maxime rerum rerum dolor. Enim aliquid doloremque in incidunt est non reprehenderit quibusdam.', 4, '2019-04-12 23:07:07', '2019-04-12 23:07:07'),
(287, 24, 'Vito Moore', 'Tempora dolorem beatae veniam quod quam sed sunt. Eligendi dolorem ipsa id officiis ea. Voluptate ut dolor provident dolorem. Dolore iste voluptatibus hic natus officia fugit.', 0, '2019-04-12 23:07:07', '2019-04-12 23:07:07'),
(288, 49, 'Mr. Kendall Walker', 'Iusto voluptatibus quia alias earum asperiores iure iste. Est sit veniam suscipit ratione molestias eligendi. Alias et qui vel perferendis vero recusandae.', 2, '2019-04-12 23:07:07', '2019-04-12 23:07:07'),
(289, 49, 'Cassandre McKenzie', 'Numquam temporibus dolorem sequi. Provident necessitatibus consequatur ipsum unde veniam nemo architecto. Placeat assumenda omnis quo nostrum expedita illum est tempora. Qui modi aut dolor aperiam et nemo et.', 5, '2019-04-12 23:07:07', '2019-04-12 23:07:07'),
(290, 21, 'Mrs. Georgette Davis', 'Dignissimos eveniet alias dolor laborum est ipsa. Animi sunt et tenetur dolorem quae dolore consequatur voluptas. Sit quas nobis fugit esse dolorem velit qui sunt.', 0, '2019-04-12 23:07:07', '2019-04-12 23:07:07'),
(291, 33, 'Kane Rohan', 'Impedit tenetur iusto aut. Laudantium eligendi autem dolorem totam. Magnam quasi dolorem eos nihil illo laborum et. Rem nam provident voluptatem debitis deserunt reiciendis sunt.', 1, '2019-04-12 23:07:07', '2019-04-12 23:07:07'),
(292, 50, 'Chanel Stoltenberg', 'Voluptatem id nostrum autem laboriosam tempore qui aut. Quia et aut quam magnam qui. Excepturi quis eligendi at. Harum a excepturi vel.', 2, '2019-04-12 23:07:07', '2019-04-12 23:07:07'),
(293, 19, 'Meta Stanton', 'Ut molestiae dolores cum vero non libero reprehenderit minus. Laborum saepe et voluptate veritatis. Minima earum qui rerum praesentium provident nemo. Distinctio rerum quaerat eveniet voluptatum ut beatae.', 5, '2019-04-12 23:07:07', '2019-04-12 23:07:07'),
(294, 1, 'Prof. Renee Hagenes', 'Vel ut officia nam id non dicta. Molestiae iste est ut consectetur quod et tenetur. Ratione omnis autem nobis.', 0, '2019-04-12 23:07:07', '2019-04-12 23:07:07'),
(295, 4, 'Deion Thompson', 'Nobis sequi architecto quas. Minus in molestiae amet quia reprehenderit. Tenetur iusto nisi deserunt.', 5, '2019-04-12 23:07:07', '2019-04-12 23:07:07'),
(296, 20, 'Markus Rolfson', 'Cumque reiciendis aspernatur eos perferendis. Non atque est voluptas velit non harum omnis. Et qui eveniet a perspiciatis sed sit nisi perferendis.', 0, '2019-04-12 23:07:07', '2019-04-12 23:07:07'),
(297, 42, 'Laisha Konopelski', 'At quia quis omnis esse at provident reiciendis. Reiciendis iure quo numquam quia sunt assumenda rerum. Sunt distinctio molestiae et. Accusamus repellat earum vel perspiciatis doloribus quam ratione. Voluptatibus cumque amet a.', 2, '2019-04-12 23:07:07', '2019-04-12 23:07:07'),
(298, 48, 'Mrs. Natasha Smitham PhD', 'Necessitatibus vitae unde atque incidunt quas non. Qui laboriosam et necessitatibus quia. Doloremque non repudiandae fugit rerum consequatur. A architecto consequatur expedita voluptas aliquam.', 1, '2019-04-12 23:07:07', '2019-04-12 23:07:07'),
(299, 27, 'Samir D\'Amore PhD', 'Cupiditate necessitatibus similique dolores odit. Voluptatum maxime dolorum exercitationem. Eaque aut possimus iste quasi et repellat.', 5, '2019-04-12 23:07:07', '2019-04-12 23:07:07'),
(300, 31, 'Alicia Cummerata', 'At omnis at quisquam in dolorum. Possimus odit exercitationem exercitationem eos molestias. Vel excepturi eaque quod necessitatibus ut. Praesentium unde vero qui autem.', 4, '2019-04-12 23:07:07', '2019-04-12 23:07:07');

-- --------------------------------------------------------

--
-- Table structure for table `users`
--

CREATE TABLE `users` (
  `id` bigint(20) UNSIGNED NOT NULL,
  `name` varchar(191) COLLATE utf8mb4_unicode_ci NOT NULL,
  `email` varchar(191) COLLATE utf8mb4_unicode_ci NOT NULL,
  `email_verified_at` timestamp NULL DEFAULT NULL,
  `password` varchar(191) COLLATE utf8mb4_unicode_ci NOT NULL,
  `remember_token` varchar(100) COLLATE utf8mb4_unicode_ci DEFAULT NULL,
  `created_at` timestamp NULL DEFAULT NULL,
  `updated_at` timestamp NULL DEFAULT NULL
) ENGINE=InnoDB DEFAULT CHARSET=utf8mb4 COLLATE=utf8mb4_unicode_ci;

--
-- Indexes for dumped tables
--

--
-- Indexes for table `migrations`
--
ALTER TABLE `migrations`
  ADD PRIMARY KEY (`id`);

--
-- Indexes for table `password_resets`
--
ALTER TABLE `password_resets`
  ADD KEY `password_resets_email_index` (`email`);

--
-- Indexes for table `products`
--
ALTER TABLE `products`
  ADD PRIMARY KEY (`id`);

--
-- Indexes for table `reviews`
--
ALTER TABLE `reviews`
  ADD PRIMARY KEY (`id`),
  ADD KEY `reviews_product_id_foreign` (`product_id`);

--
-- Indexes for table `users`
--
ALTER TABLE `users`
  ADD PRIMARY KEY (`id`),
  ADD UNIQUE KEY `users_email_unique` (`email`);

--
-- AUTO_INCREMENT for dumped tables
--

--
-- AUTO_INCREMENT for table `migrations`
--
ALTER TABLE `migrations`
  MODIFY `id` int(10) UNSIGNED NOT NULL AUTO_INCREMENT, AUTO_INCREMENT=5;

--
-- AUTO_INCREMENT for table `products`
--
ALTER TABLE `products`
  MODIFY `id` int(10) UNSIGNED NOT NULL AUTO_INCREMENT, AUTO_INCREMENT=51;

--
-- AUTO_INCREMENT for table `reviews`
--
ALTER TABLE `reviews`
  MODIFY `id` int(10) UNSIGNED NOT NULL AUTO_INCREMENT, AUTO_INCREMENT=301;

--
-- AUTO_INCREMENT for table `users`
--
ALTER TABLE `users`
  MODIFY `id` bigint(20) UNSIGNED NOT NULL AUTO_INCREMENT;

--
-- Constraints for dumped tables
--

--
-- Constraints for table `reviews`
--
ALTER TABLE `reviews`
  ADD CONSTRAINT `reviews_product_id_foreign` FOREIGN KEY (`product_id`) REFERENCES `products` (`id`) ON DELETE CASCADE;
COMMIT;

/*!40101 SET CHARACTER_SET_CLIENT=@OLD_CHARACTER_SET_CLIENT */;
/*!40101 SET CHARACTER_SET_RESULTS=@OLD_CHARACTER_SET_RESULTS */;
/*!40101 SET COLLATION_CONNECTION=@OLD_COLLATION_CONNECTION */;
